Workbook
Name Z_3E12C599_4482_4A62_878B_030CF5DA4B04_.wvu.PrintTitles: Guardias!#REF!
Name Z_3E12C599_4482_4A62_878B_030CF5DA4B04_.wvu.PrintTitles: Asistencia!$1:$19
Name DÍA: Tablas!$B$3:$B$9
Name EdoCivil: Tablas!$I$3:$I$8
Name CVE: Tablas!$A$2:$A$9

Sheet Tablas
A1: | | B1: DÍA | C1: RESPONSABLE DEL DÍA | D1: COORDINADORA | G1: Edad | I1: Clave | J1: Grupo
A2: B | B2: BAJA | C2: - | D2: - | G2: de | H2: a
A3: L | B3: LUNES | C3: Hernández Martínez Miguel | D3: Velazco Arreola María Rufina | G3: 45 | H3: 120 | I3: CG | J3: Casad@s Grandes
A4: Ma | B4: MARTES | C4: Mauricio Olvera Jesús | D4: Sánchez Ramos María Emilia | G4: 30 | H4: =G3-1 -> 44 | I4: CM | J4: Casad@s Medianos
A5: Mi | B5: MIÉRCOLES | C5: Nava Cárdenas Guillermo | D5: Silva Morales Martha Elva | G5: 18 | H5: =G4-1 -> 29 | I5: CC | J5: Casad@s Chicos
A6: J | B6: JUEVES | C6: Gomez Quintero Jesus | D6: Aguayo Gómez Ramona | G6: =G5 -> 18 | H6: =H3 -> 120 | I6: SO | J6: Sol@s
A7: V | B7: VIERNES | C7: Chávez Ubaldo Natanael | D7: Herrera Lozano Rebeca | G7: 14 | H7: =H3 -> 120 | I7: JU | J7: Juventud (Jóvenes y Señoritas) | L7: .
A8: S | B8: SÁBADO | C8: Luna Vázquez Bolívar | D8: Téllez Sara | G8: 0 | H8: =G7-1 -> 13 | I8: NI | J8: Niñez (Niños y Niñas)
A9: D | B9: DOMINGO | C9: Ramírez Ornelas Jesús | D9: Carrillo Herrera Rebeca Arelí

Sheet Informe
A1: INFORME DE ACTIVIDADES DE LA IGLESIA: GRUPO DE OBREROS H.P.
A3: Anterior | B3: 424 | H3: CG | I3: =COUNTIFS('Lista General'!$D$4:$D$723,LEFT(I$5,1),'Lista General'!$E$4:$E$723,$H3) -> 43 | J3: =COUNTIFS('Lista General'!$D:$D,LEFT(J$5,1),'Lista General'!$E:$E,$H3) -> 49
A4: FELIGRESÍA | D4: ASISTENCIA | G4: CENSO GENERAL | M4: MOVIMIENTOS
A5: Activos | B5: =B3+N11-P11 -> 389 | D5: Dominical | G5: Grupo | H5: Clave | I5: Mujeres | J5: Hombres | K5: Total | M5: Altas | O5: Bajas
A6: Retiro Temporal | D6: Serv. Dom. | G6: Casad@s Grandes | H6: CG | I6: 56 | J6: 52 | K6: =SUM(I6:J6) -> 108 | M6: Bautismos | O6: Traslados | P6: 35
A7: Registro General | D7: Serv. Jue. | G7: Casad@s Medianos | H7: CM | I7: 38 | J7: 26 | K7: =SUM(I7:J7) -> 64 | M7: Recibidos por Carta | N7: 2 | O7: Obra Entregada
A8: Miembro en Archivo | D8: Ora. 5 am | G8: Casad@s Chicos | H8: CC | I8: 11 | J8: 13 | K8: =SUM(I8:J8) -> 24 | M8: Recibidos por Testimonio | O8: Defunciones | P8: 2
A9: Total (Recuento Oficial) | D9: Ora. 9 am | G9: Sol@s | H9: SO | I9: 80 | J9: 16 | K9: =SUM(I9:J9) -> 96 | M9: Restauraciones | O9: Apostasía / Herejía
D10: Ora. 6 pm | G10: Juventud | H10: JU | I10: 50 | J10: 47 | K10: =SUM(I10:J10) -> 97 | M10: Nacimientos
A11: OFICIOS SAGRADOS | D11: Total | E11: =SUM(E5:E10) -> 0 | G11: Total | I11: =SUM(I6:I10) -> 235 | J11: =SUM(J6:J10) -> 154 | K11: =SUM(K6:K10) -> 389 | M11: Total | N11: =SUM(N6:N10) -> 2 | P11: =SUM(P6:P10) -> 37
A12: Matrimonios | B12: 1 | G12: Niñez | H12: NI | I12: =COUNTIFS('Lista General'!$D:$D,LEFT(I$5,1),'Lista General'!$E:$E,$H12) -> 0 | J12: =COUNTIFS('Lista General'!$D:$D,LEFT(J$5,1),'Lista General'!$E:$E,$H12) -> 0 | K12: =SUM(I12:J12) -> 0
A13: Espirituales | B13: 2 | G13: Gran Total | I13: =SUM(I11:I12) -> 235 | J13: =SUM(J11:J12) -> 154 | K13: =SUM(K11:K12) -> 389
A14: Presentación de Niños
A15: Total | B15: =SUM(B12:B14) -> 3
G16: ="Hnas.: "&SUM(G17:G23) -> Hnas.: 247 | H16: =SUM(G17:G23,I17:I23) -> 386 | I16: ="Hnos.: "&SUM(I17:I23) -> Hnos.: 139
A17: OTROS | G17: 28 | H17: lun | I17: 27
A18: Divorcios | G18: 36 | H18: mar | I18: 18
A19: Carta de Libertad | G19: 24 | H19: mie | I19: 16
A20: Total | B20: =SUM(B18:B19) -> 0 | G20: 31 | H20: jue | I20: 26
G21: 31 | H21: vie | I21: 20
G22: 61 | H22: sab | I22: 32
G23: 36 | H23: dom

Sheet Lista General
C1: ="Total: "&SUBTOTAL(3,$C$4:$C$723) -> Total: 354
A3: No. | B3: Llave | C3: N O M B R E | D3: G | F3: DIA | G3: CARTA | H3: REG. | I3: F. NAC. | J3: EDAD | K3: TEL. | L3: DIRECCION | M3: Fecha ingreso | N3: OBS.
A4: =IF(D4="","",COUNTA($D$4:$D4)) -> 1 | B4: =IF(C4="","",D4&F4&COUNTIFS($D$4:D4,D4,$F$4:F4,F4)) -> HS1 | C4: Abarca Chavez Rubén Salvador | D4: H | E4: JU | F4: S | G4: SÍ | H4: SÍ | I4: 37481 | J4: =IF(C4="","",DATEDIF(I4,TODAY(),"Y")) -> 23 | K4: 3326587210 | L4: Santiago Guzman 1314, Beatriz Hernandez | M4: 43468 | N4: 4 jovenes EHP Josue Coronado Hernandez
A5: =IF(D5="","",COUNTA($D$4:$D5)) -> 2 | B5: =IF(C5="","",D5&F5&COUNTIFS($D$4:D5,D5,$F$4:F5,F5)) -> HV1 | C5: Acevedo Aguilar Ariel | D5: H | E5: SO | F5: V | H5: SÍ | I5: 38995 | J5: =IF(C5="","",DATEDIF(I5,TODAY(),"Y")) -> 19 | K5: 3319417420 | L5: Geografos 617 Lagos de Oriente | M5: 45339 | N5: 1 Solos EHP Jose Sanchez Magaña
A6: =IF(D6="","",COUNTA($D$4:$D6)) -> 3 | B6: =IF(C6="","",D6&F6&COUNTIFS($D$4:D6,D6,$F$4:F6,F6)) -> HL1 | C6: Acevedo Lopez Jairo de Jesus | D6: H | E6: CG | F6: L | H6: SÍ | I6: 20188 | J6: =IF(C6="","",DATEDIF(I6,TODAY(),"Y")) -> 71 | K6: 3322199062 | L6: Presa Oviachic 790, San Joaquin | M6: 43434 | N6: 12 Casados, EHP Carlos Ramos Castillon
A7: =IF(D7="","",COUNTA($D$4:$D7)) -> 4 | B7: =IF(C7="","",D7&F7&COUNTIFS($D$4:D7,D7,$F$4:F7,F7)) -> MB1 | C7: Acevedo Vega Samla Jaanai | D7: M | E7: JU | F7: B | G7: SÍ | H7: SÍ | I7: 37713 | J7: =IF(C7="","",DATEDIF(I7,TODAY(),"Y")) -> 23 | K7: 3316716256 | L7: Esteban Alatorre,3317,Hermosa Provincia | M7: 39264
A8: =IF(D8="","",COUNTA($D$4:$D8)) -> 5 | B8: =IF(C8="","",D8&F8&COUNTIFS($D$4:D8,D8,$F$4:F8,F8)) -> MV1 | C8: Acosta Navarro Perla Damacia | D8: M | E8: CM | F8: V | H8: SÍ | I8: 28477 | J8: =IF(C8="","",DATEDIF(I8,TODAY(),"Y")) -> 48 | K8: 33.1236.8872 | L8: Demóstenes 405, Lagos De Oriente | M8: 42690 | N8: 10° Casadas, Hna. Drucila Almaguer
A9: =IF(D9="","",COUNTA($D$4:$D9)) -> 6 | B9: =IF(C9="","",D9&F9&COUNTIFS($D$4:D9,D9,$F$4:F9,F9)) -> MB2 | C9: Acuña Silverio Yenni Samai | D9: M | E9: JU | F9: B | G9: SÍ | H9: SÍ | I9: 38541 | J9: =IF(C9="","",DATEDIF(I9,TODAY(),"Y")) -> 20 | K9: 3325006442 | L9: Esteban Alatorre 3349, Hermosa Provincia | M9: 44643 | N9: 1° señoritas, EHP Elizabeth Estrada
A10: =IF(D10="","",COUNTA($D$4:$D10)) -> 7 | B10: =IF(C10="","",D10&F10&COUNTIFS($D$4:D10,D10,$F$4:F10,F10)) -> MJ1 | C10: Aguayo Bueno Amparo | D10: M | E10: SO | F10: J | G10: SÍ | H10: SÍ | I10: 18829 | J10: =IF(C10="","",DATEDIF(I10,TODAY(),"Y")) -> 74 | K10: 3310421508 | L10: Telegrafistas, 3566, Hermosa Provincia | N10: 6 Solas EHP María Elena Reyes vda de Acevedo
A11: =IF(D11="","",COUNTA($D$4:$D11)) -> 8 | B11: =IF(C11="","",D11&F11&COUNTIFS($D$4:D11,D11,$F$4:F11,F11)) -> MJ2 | C11: Aguayo Gómez Ramona | D11: M | E11: CG | F11: J | G11: SÍ | H11: SÍ | I11: 22985 | J11: =IF(C11="","",DATEDIF(I11,TODAY(),"Y")) -> 63 | K11: 44440977 | L11: Arquimedes,740 Hermosa Provincia | N11: 17 casadas EHP Dalila Coronado
A12: =IF(D12="","",COUNTA($D$4:$D12)) -> 9 | B12: =IF(C12="","",D12&F12&COUNTIFS($D$4:D12,D12,$F$4:F12,F12)) -> HB1 | C12: Aguilar Castro Alejandro | D12: H | E12: CM | F12: B | G12: SÍ | H12: SÍ | I12: 31199 | J12: =IF(C12="","",DATEDIF(I12,TODAY(),"Y")) -> 40 | K12: 3318418198 | L12: Cirujanos 652, Col. Lagos De Oriente
A13: =IF(D13="","",COUNTA($D$4:$D13)) -> 10 | B13: =IF(C13="","",D13&F13&COUNTIFS($D$4:D13,D13,$F$4:F13,F13)) -> MB3 | C13: Aguilar Chávez Judit Janai | D13: M | E13: JU | F13: B | G13: SÍ | H13: SÍ | I13: 35717 | J13: =IF(C13="","",DATEDIF(I13,TODAY(),"Y")) -> 28 | K13: 3335902493 | L13: Canaan, 3711, San Joaquin
A14: =IF(D14="","",COUNTA($D$4:$D14)) -> 11 | B14: =IF(C14="","",D14&F14&COUNTIFS($D$4:D14,D14,$F$4:F14,F14)) -> MS1 | C14: Aguilera Cortés Martha Leticia | D14: M | E14: CG | F14: S | G14: SÍ | H14: SÍ | I14: 27451 | J14: =IF(C14="","",DATEDIF(I14,TODAY(),"Y")) -> 51 | K14: 3318408100 | L14: Geografos, 717, Lagos De Oriente | N14: 13 casadas EHP Rosalia Palomar Soltero
A15: =IF(D15="","",COUNTA($D$4:$D15)) -> 12 | B15: =IF(C15="","",D15&F15&COUNTIFS($D$4:D15,D15,$F$4:F15,F15)) -> MS2 | C15: Aguilera Cortés Rocío | D15: M | E15: CM | F15: S | G15: SÍ | H15: SÍ | I15: 28387 | J15: =IF(C15="","",DATEDIF(I15,TODAY(),"Y")) -> 48 | K15: 3321854803 | L15: Gustavo Bas, 3567, Col. Miguel Hidalgo | N15: 12 Casadas EHP Alma Zamora de Joaquín
A16: =IF(D16="","",COUNTA($D$4:$D16)) -> 13 | B16: =IF(C16="","",D16&F16&COUNTIFS($D$4:D16,D16,$F$4:F16,F16)) -> MB4 | C16: Aguilera Salas Adalia Quiriabeth | D16: M | E16: CC | F16: B | G16: SÍ | H16: SÍ | I16: 33129 | J16: =IF(C16="","",DATEDIF(I16,TODAY(),"Y")) -> 35 | K16: 3313833507 | L16: Jardin Botanico,3490,Lagos de Oriente | M16: 39264
A17: =IF(D17="","",COUNTA($D$4:$D17)) -> 14 | B17: =IF(C17="","",D17&F17&COUNTIFS($D$4:D17,D17,$F$4:F17,F17)) -> MJ3 | C17: Ahumada Ibarra Ana Ismeria | D17: M | E17: JU | F17: J | G17: SÍ | H17: SÍ | I17: 36145 | J17: =IF(C17="","",DATEDIF(I17,TODAY(),"Y")) -> 27 | K17: 3325991783 | L17: Genaro 347, col. Miguel Hidalgo | M17: 45588 | N17: 4 señoritas EHP Ana Valenzuela Montaño
A18: =IF(D18="","",COUNTA($D$4:$D18)) -> 15 | B18: =IF(C18="","",D18&F18&COUNTIFS($D$4:D18,D18,$F$4:F18,F18)) -> HJ1 | C18: Ahumada Ibarra Gerson Raciel | D18: H | E18: CC | F18: J | H18: SÍ | I18: 37383 | J18: =IF(C18="","",DATEDIF(I18,TODAY(),"Y")) -> 23 | K18: 3315330744 | L18: Genaro Garcia 3341 | M18: 45610
A19: =IF(D19="","",COUNTA($D$4:$D19)) -> 16 | B19: =IF(C19="","",D19&F19&COUNTIFS($D$4:D19,D19,$F$4:F19,F19)) -> MB5 | C19: Ahumada Ibarra Lesslie | D19: M | E19: CC | F19: B | G19: SÍ | H19: SÍ | I19: 35434 | J19: =IF(C19="","",DATEDIF(I19,TODAY(),"Y")) -> 29 | K19: 3318436092 | L19: Telegrafistas 3483 Col Hermosa Provincia | M19: 43162
A20: =IF(D20="","",COUNTA($D$4:$D20)) -> 17 | B20: =IF(C20="","",D20&F20&COUNTIFS($D$4:D20,D20,$F$4:F20,F20)) -> MV2 | C20: Aldama Hernández Hortencia | D20: M | E20: CG | F20: V | H20: SÍ | I20: 24848 | J20: =IF(C20="","",DATEDIF(I20,TODAY(),"Y")) -> 58 | K20: 3311028337 | L20: Procuradores,596, Libertad
A21: =IF(D21="","",COUNTA($D$4:$D21)) -> 18 | B21: =IF(C21="","",D21&F21&COUNTIFS($D$4:D21,D21,$F$4:F21,F21)) -> HB2 | C21: Alegria Serrano Aram | D21: H | E21: JU | F21: B | G21: NO | H21: SÍ | I21: 37258 | J21: =IF(C21="","",DATEDIF(I21,TODAY(),"Y")) -> 24 | K21: 3331385646 | L21: Esbirna, 4007-A,Bethel
A22: =IF(D22="","",COUNTA($D$4:$D22)) -> 19 | B22: =IF(C22="","",D22&F22&COUNTIFS($D$4:D22,D22,$F$4:F22,F22)) -> ML1 | C22: Alegria Serrano Bethsaida | D22: M | E22: SO | F22: L | H22: SÍ | I22: 32374 | J22: =IF(C22="","",DATEDIF(I22,TODAY(),"Y")) -> 37 | K22: 3331080997 | L22: Jerusalen, 3417, Hermosa Provincia
A23: =IF(D23="","",COUNTA($D$4:$D23)) -> 20 | B23: =IF(C23="","",D23&F23&COUNTIFS($D$4:D23,D23,$F$4:F23,F23)) -> MV3 | C23: Almaguer Lugo Likhy | D23: M | E23: JU | F23: V | G23: SÍ | H23: SÍ | I23: 40483 | J23: =IF(C23="","",DATEDIF(I23,TODAY(),"Y")) -> 15 | K23: 3312926923 | L23: Privada de belen 87A | M23: 45678 | N23: 2 adolescentes EHP Nebai Zamora
A24: =IF(D24="","",COUNTA($D$4:$D24)) -> 21 | B24: =IF(C24="","",D24&F24&COUNTIFS($D$4:D24,D24,$F$4:F24,F24)) -> MJ4 | C24: Almaguer Lugo Quiriath Yearim | D24: M | E24: JU | F24: J | G24: SÍ | H24: SÍ | I24: 39854 | J24: =IF(C24="","",DATEDIF(I24,TODAY(),"Y")) -> 17 | K24: 3326648344 | L24: Privada de Belén 87A Hermosa provincia | M24: 45792 | N24: 1 señoritas EHP Sabdi Bebai Valle Balmaceda
A25: =IF(D25="","",COUNTA($D$4:$D25)) -> 22 | B25: =IF(C25="","",D25&F25&COUNTIFS($D$4:D25,D25,$F$4:F25,F25)) -> ML2 | C25: Almaraz Nuñez Alejandra | D25: M | E25: CM | F25: L | G25: SÍ | H25: SÍ | I25: 28305 | J25: =IF(C25="","",DATEDIF(I25,TODAY(),"Y")) -> 48 | K25: 3334681520 | L25: Cairo 1317 int 420, San Eugenio | M25: 43641 | N25: Conversión
A26: =IF(D26="","",COUNTA($D$4:$D26)) -> 23 | B26: =IF(C26="","",D26&F26&COUNTIFS($D$4:D26,D26,$F$4:F26,F26)) -> MB6 | C26: Alonso Bravo Karen Janed | D26: M | E26: CM | F26: B | G26: SÍ | H26: SÍ | I26: 31778 | J26: =IF(C26="","",DATEDIF(I26,TODAY(),"Y")) -> 39 | K26: 6612394252 | L26: Sin Direccion
A27: =IF(D27="","",COUNTA($D$4:$D27)) -> 24 | B27: =IF(C27="","",D27&F27&COUNTIFS($D$4:D27,D27,$F$4:F27,F27)) -> MMa1 | C27: Alonso Chavando Santa | D27: M | E27: CG | F27: Ma | G27: SÍ | H27: SÍ | I27: 27032 | J27: =IF(C27="","",DATEDIF(I27,TODAY(),"Y")) -> 52 | K27: 3333551915 | L27: Presa modelo 480, Lagos de Oriente | M27: 45986 | N27: 13 Casadas, EHP Rosalía Palomar Soltero
A28: =IF(D28="","",COUNTA($D$4:$D28)) -> 25 | B28: =IF(C28="","",D28&F28&COUNTIFS($D$4:D28,D28,$F$4:F28,F28)) -> MB7 | C28: Alonso León Ashley | D28: M | E28: JU | F28: B | G28: SÍ | H28: SÍ | I28: 36577 | J28: =IF(C28="","",DATEDIF(I28,TODAY(),"Y")) -> 26 | K28: 36063314 | L28: Privada De Belen, 28-S, Hermosa Provincia
A29: =IF(D29="","",COUNTA($D$4:$D29)) -> 26 | B29: =IF(C29="","",D29&F29&COUNTIFS($D$4:D29,D29,$F$4:F29,F29)) -> HD1 | C29: Alonso León David | D29: H | E29: CM | F29: D | G29: SÍ | H29: SÍ | I29: 35119 | J29: =IF(C29="","",DATEDIF(I29,TODAY(),"Y")) -> 30 | L29: Privada de Belén 28, Hermosa Provincia, | M29: 43754 | N29: 2 casados EHP David Henoc Pardo Rosales
A30: =IF(D30="","",COUNTA($D$4:$D30)) -> 27 | B30: =IF(C30="","",D30&F30&COUNTIFS($D$4:D30,D30,$F$4:F30,F30)) -> HB3 | C30: Alonso Rivera Jonathán | D30: H | E30: CG | F30: B | G30: SÍ | H30: SÍ | I30: 23639 | J30: =IF(C30="","",DATEDIF(I30,TODAY(),"Y")) -> 61 | K30: 3317061837 | L30: Priv. Belen 28, Hermosa Provincia
A31: =IF(D31="","",COUNTA($D$4:$D31)) -> 28 | B31: =IF(C31="","",D31&F31&COUNTIFS($D$4:D31,D31,$F$4:F31,F31)) -> HS2 | C31: Alpizar Flores Hipólito | D31: H | E31: CG | F31: S | G31: SÍ | H31: SÍ | I31: 21775 | J31: =IF(C31="","",DATEDIF(I31,TODAY(),"Y")) -> 66 | K31: 3312509476 | L31: Presa Modelo, 489, Lagos De Oriente | N31: 13 Casados, EHP David Cuevas Arellano
A32: =IF(D32="","",COUNTA($D$4:$D32)) -> 29 | B32: =IF(C32="","",D32&F32&COUNTIFS($D$4:D32,D32,$F$4:F32,F32)) -> MD1 | C32: Alpizar Velasco Merari Eulalia | D32: M | E32: SO | F32: D | H32: SÍ | I32: 30269 | J32: =IF(C32="","",DATEDIF(I32,TODAY(),"Y")) -> 43 | K32: 3333389355 | L32: Presa Modelo 489, Lagos de Oriente | M32: 44631 | N32: 2° solas, EHP Ruth Aguilar S
A33: =IF(D33="","",COUNTA($D$4:$D33)) -> 30 | B33: =IF(C33="","",D33&F33&COUNTIFS($D$4:D33,D33,$F$4:F33,F33)) -> MB8 | C33: Altamirano Sanchez Berenice | D33: M | E33: JU | F33: B | G33: SÍ | H33: SÍ | I33: 34240 | J33: =IF(C33="","",DATEDIF(I33,TODAY(),"Y")) -> 32 | K33: 3338285694 | L33: Pablo Valdez, 3811,int i4,san fransisco
A34: =IF(D34="","",COUNTA($D$4:$D34)) -> 31 | B34: =IF(C34="","",D34&F34&COUNTIFS($D$4:D34,D34,$F$4:F34,F34)) -> HB4 | C34: Alvarado Baldenegro Adrián | D34: H | E34: JU | F34: B | G34: SÍ | H34: SÍ | I34: 37176 | J34: =IF(C34="","",DATEDIF(I34,TODAY(),"Y")) -> 24 | K34: 3317216647 | L34: Ramon Aldama, 3702, 2A. Secc. H P.
A35: =IF(D35="","",COUNTA($D$4:$D35)) -> 32 | B35: =IF(C35="","",D35&F35&COUNTIFS($D$4:D35,D35,$F$4:F35,F35)) -> HB5 | C35: Alvarado Chávez Giezi Eliab | D35: H | E35: JU | F35: B | G35: SÍ | H35: SÍ | I35: 38555 | J35: =IF(C35="","",DATEDIF(I35,TODAY(),"Y")) -> 20 | L35: Gustavo Baz 3822, Lopez Velarde | M35: 43641 | N35: 1 adolescentes EHP Carlos Hernandez Larios
A36: =IF(D36="","",COUNTA($D$4:$D36)) -> 33 | B36: =IF(C36="","",D36&F36&COUNTIFS($D$4:D36,D36,$F$4:F36,F36)) -> HB6 | C36: Alvarado Chavez Jacob | D36: H | E36: JU | F36: B | G36: SÍ | H36: SÍ | I36: 37852 | J36: =IF(C36="","",DATEDIF(I36,TODAY(),"Y")) -> 22 | K36: 3314707502 | L36: Gustavo Baz 3822, Lopez Velarde | M36: 42943
A37: =IF(D37="","",COUNTA($D$4:$D37)) -> 34 | B37: =IF(C37="","",D37&F37&COUNTIFS($D$4:D37,D37,$F$4:F37,F37)) -> MD2 | C37: Alvarado Enedina | D37: M | E37: CM | F37: D | G37: SÍ | H37: SÍ | I37: 30735 | J37: =IF(C37="","",DATEDIF(I37,TODAY(),"Y")) -> 42 | K37: 3310853988 | L37: Presa Osorio #3590, Lagos de oriente. | M37: 45227 | N37: 10 de casadas D. Eva Garcia de Joaquín
A38: =IF(D38="","",COUNTA($D$4:$D38)) -> 35 | B38: =IF(C38="","",D38&F38&COUNTIFS($D$4:D38,D38,$F$4:F38,F38)) -> HB7 | C38: Alvarez Callejas Francisco Javier | D38: H | E38: CM | F38: B | G38: SÍ | H38: SÍ | I38: 28235 | J38: =IF(C38="","",DATEDIF(I38,TODAY(),"Y")) -> 49 | K38: 4427678326 | L38: Pablo Valdez 3971, Velarde | M38: 43700 | N38: 6 Casados, EHP Placido Perez Silva
A39: =IF(D39="","",COUNTA($D$4:$D39)) -> 36 | B39: =IF(C39="","",D39&F39&COUNTIFS($D$4:D39,D39,$F$4:F39,F39)) -> MB9 | C39: Alvarez Navarro María | D39: M | E39: CG | F39: B | G39: SÍ | H39: SÍ | I39: 17662 | J39: =IF(C39="","",DATEDIF(I39,TODAY(),"Y")) -> 77 | K39: 3314822846 | L39: Presa Oviachic 837 | M39: 43644 | N39: 17 casadas EHP Noemi Avalos
A40: =IF(D40="","",COUNTA($D$4:$D40)) -> 37 | B40: =IF(C40="","",D40&F40&COUNTIFS($D$4:D40,D40,$F$4:F40,F40)) -> HV2 | C40: Alvarez Salas Asaf Ismael | D40: H | E40: JU | F40: V | G40: SÍ | H40: SÍ | I40: 40459 | J40: =IF(C40="","",DATEDIF(I40,TODAY(),"Y")) -> 15 | K40: 3339798062 | L40: Emilio Rabaza #4056, Los Arrayanes | M40: 45686 | N40: 2 adolescentes D.E. Sergio Altamirano Garcia
A41: =IF(D41="","",COUNTA($D$4:$D41)) -> 38 | B41: =IF(C41="","",D41&F41&COUNTIFS($D$4:D41,D41,$F$4:F41,F41)) -> HL2 | C41: Alvarez Toala Uziel | D41: H | E41: JU | F41: L | H41: SÍ | I41: 40046 | J41: =IF(C41="","",DATEDIF(I41,TODAY(),"Y")) -> 16 | L41: Cairo #346 | M41: 45340 | N41: 2 adolescentes, EHP Sergio Altamirano
A42: =IF(D42="","",COUNTA($D$4:$D42)) -> 39 | B42: =IF(C42="","",D42&F42&COUNTIFS($D$4:D42,D42,$F$4:F42,F42)) -> MD3 | C42: Ambriz Meza Eva | D42: M | E42: SO | F42: D | G42: SÍ | H42: SÍ | I42: 25294 | J42: =IF(C42="","",DATEDIF(I42,TODAY(),"Y")) -> 57 | K42: 3313550079 | L42: Arquimides, 748, Hermosa Provincia | N42: 4 solas EHP Xochilth Chavez Joaquín
A43: =IF(D43="","",COUNTA($D$4:$D43)) -> 40 | B43: =IF(C43="","",D43&F43&COUNTIFS($D$4:D43,D43,$F$4:F43,F43)) -> MB10 | C43: Andrade Becerra Elisa | D43: M | E43: CG | F43: B | G43: SÍ | H43: SÍ | I43: 19246 | J43: =IF(C43="","",DATEDIF(I43,TODAY(),"Y")) -> 73 | K43: SIN | L43: Presa Oviachic,518-A, Lagos De Oriente
A44: =IF(D44="","",COUNTA($D$4:$D44)) -> 41 | B44: =IF(C44="","",D44&F44&COUNTIFS($D$4:D44,D44,$F$4:F44,F44)) -> HS3 | C44: Andrade Sanchez Pedro Joaquin | D44: H | E44: JU | F44: S | G44: SÍ | H44: SÍ | I44: 34217 | J44: =IF(C44="","",DATEDIF(I44,TODAY(),"Y")) -> 32 | L44: Demostenes, 520 | M44: 43201 | N44: 5 jovenes EHP Jose Angel Pardo Marquez
A45: =IF(D45="","",COUNTA($D$4:$D45)) -> 42 | B45: =IF(C45="","",D45&F45&COUNTIFS($D$4:D45,D45,$F$4:F45,F45)) -> ML3 | C45: Andrade Solis Helem Ismerai | D45: M | E45: JU | F45: L | G45: SÍ | H45: SÍ | I45: 40081 | J45: =IF(C45="","",DATEDIF(I45,TODAY(),"Y")) -> 16 | K45: 3328490726 | L45: Galad 3322 hermosa provincia | M45: 45331 | N45: 2 Adolescentes EHP Nebai Zamora
A46: =IF(D46="","",COUNTA($D$4:$D46)) -> 43 | B46: =IF(C46="","",D46&F46&COUNTIFS($D$4:D46,D46,$F$4:F46,F46)) -> HB8 | C46: Angeles López Alan Uziel | D46: H | E46: JU | F46: B | G46: SÍ | H46: SÍ | I46: 37663 | J46: =IF(C46="","",DATEDIF(I46,TODAY(),"Y")) -> 23 | K46: 36084943 | L46: Santiago Guzman 1080, Col. Los Tulipanes | M46: 43355 | N46: 2 adolescentes EHP Sergio Altamirano Garcia
A47: =IF(D47="","",COUNTA($D$4:$D47)) -> 44 | B47: =IF(C47="","",D47&F47&COUNTIFS($D$4:D47,D47,$F$4:F47,F47)) -> MB11 | C47: Angeles López Yocelyn Noemi | D47: M | E47: JU | F47: B | G47: SÍ | H47: SÍ | I47: 38456 | J47: =IF(C47="","",DATEDIF(I47,TODAY(),"Y")) -> 21 | K47: 3310745550 | L47: Santiago Guzman 1080, Col. Los Tulipanes | M47: 43846 | N47: 2 adolescentes, EHP Nebai Zamora
A48: =IF(D48="","",COUNTA($D$4:$D48)) -> 45 | B48: =IF(C48="","",D48&F48&COUNTIFS($D$4:D48,D48,$F$4:F48,F48)) -> HD2 | C48: Antonio Catarina Leobardo | D48: H | E48: CG | F48: D | G48: SÍ | H48: SÍ | I48: 22596 | J48: =IF(C48="","",DATEDIF(I48,TODAY(),"Y")) -> 64 | K48: 3338437378 | L48: Presa Santa Rosa, 643, Lagos De Oriente | N48: 12 casados EHP Carlos Ramos Castillon
A49: =IF(D49="","",COUNTA($D$4:$D49)) -> 46 | B49: =IF(C49="","",D49&F49&COUNTIFS($D$4:D49,D49,$F$4:F49,F49)) -> MMa2 | C49: Aparicio Guatemala Mireya | D49: M | E49: SO | F49: Ma | G49: SÍ | H49: SÍ | I49: 19599 | J49: =IF(C49="","",DATEDIF(I49,TODAY(),"Y")) -> 72 | K49: 3111188355 | L49: Jerusalen, 3584
A50: =IF(D50="","",COUNTA($D$4:$D50)) -> 47 | B50: =IF(C50="","",D50&F50&COUNTIFS($D$4:D50,D50,$F$4:F50,F50)) -> HS4 | C50: Aramburo Jonathan | D50: H | E50: JU | F50: S | H50: SÍ | I50: 32746 | J50: =IF(C50="","",DATEDIF(I50,TODAY(),"Y")) -> 36 | M50: 43335 | N50: Batallon
A51: =IF(D51="","",COUNTA($D$4:$D51)) -> 48 | B51: =IF(C51="","",D51&F51&COUNTIFS($D$4:D51,D51,$F$4:F51,F51)) -> MB12 | C51: Arana Palacios Elda Jazmín | D51: M | E51: JU | F51: B | G51: SÍ | H51: SÍ | I51: 36739 | J51: =IF(C51="","",DATEDIF(I51,TODAY(),"Y")) -> 25 | K51: 3316314181 | L51: SaMaría, 920, Hermosa Provincia
A52: =IF(D52="","",COUNTA($D$4:$D52)) -> 49 | B52: =IF(C52="","",D52&F52&COUNTIFS($D$4:D52,D52,$F$4:F52,F52)) -> MB13 | C52: Arana Verdejo Guadalupe Concepción | D52: M | E52: SO | F52: B | G52: SÍ | H52: SÍ | I52: 24573 | J52: =IF(C52="","",DATEDIF(I52,TODAY(),"Y")) -> 59 | K52: 3331002211 | L52: Belen, 3400, Hemosa Provincia
A53: =IF(D53="","",COUNTA($D$4:$D53)) -> 50 | B53: =IF(C53="","",D53&F53&COUNTIFS($D$4:D53,D53,$F$4:F53,F53)) -> MB14 | C53: Aranda Nava Briselda | D53: M | E53: JU | F53: B | G53: SÍ | H53: SÍ | I53: 38851 | J53: =IF(C53="","",DATEDIF(I53,TODAY(),"Y")) -> 19 | L53: Samaria 969, Hermosa Provincia | M53: 44886 | N53: 1 Señoritas, EHP Elizabeth Estrada
A54: =IF(D54="","",COUNTA($D$4:$D54)) -> 51 | B54: =IF(C54="","",D54&F54&COUNTIFS($D$4:D54,D54,$F$4:F54,F54)) -> MB15 | C54: Aranda Nava Briselda | D54: M | E54: JU | F54: B | G54: SÍ | H54: SÍ | I54: 38851 | J54: =IF(C54="","",DATEDIF(I54,TODAY(),"Y")) -> 19 | K54: 3335949977 | L54: Samaria 9669, hermosa provincia | M54: 44886 | N54: 1 Señoritas EHP Elizabeth Estrada
A55: =IF(D55="","",COUNTA($D$4:$D55)) -> 52 | B55: =IF(C55="","",D55&F55&COUNTIFS($D$4:D55,D55,$F$4:F55,F55)) -> HL3 | C55: Arce López Samuel | D55: H | E55: CG | F55: L | G55: SÍ | H55: SÍ | I55: 21032 | J55: =IF(C55="","",DATEDIF(I55,TODAY(),"Y")) -> 68 | K55: 3313889140 | L55: Pablo Moreno, 926, 2A. Secc. H. P. | N55: 13 casados EHP David Cuevas Arellano
A56: =IF(D56="","",COUNTA($D$4:$D56)) -> 53 | B56: =IF(C56="","",D56&F56&COUNTIFS($D$4:D56,D56,$F$4:F56,F56)) -> MB16 | C56: Arce Ramírez Brenda | D56: M | E56: CM | F56: B | G56: SÍ | H56: SÍ | I56: 29528 | J56: =IF(C56="","",DATEDIF(I56,TODAY(),"Y")) -> 45 | K56: 3316063463 | L56: Ayecui, 1560, Col. Urbi Quinta
A57: =IF(D57="","",COUNTA($D$4:$D57)) -> 54 | B57: =IF(C57="","",D57&F57&COUNTIFS($D$4:D57,D57,$F$4:F57,F57)) -> MJ5 | C57: Arce Virgen Mayra Elizabeth | D57: M | E57: JU | F57: J | G57: SÍ | H57: SÍ | I57: 28783 | J57: =IF(C57="","",DATEDIF(I57,TODAY(),"Y")) -> 47 | K57: 36-48-06-86 | L57: Getsemani 3587, Hermosa Provincia | M57: 43851 | N57: 2 señoritas solas, EHP Abi Elisa Chavez
A58: =IF(D58="","",COUNTA($D$4:$D58)) -> 55 | B58: =IF(C58="","",D58&F58&COUNTIFS($D$4:D58,D58,$F$4:F58,F58)) -> HB9 | C58: Arenas González Abdiel | D58: H | E58: JU | F58: B | G58: SÍ | H58: SÍ | I58: 36515 | J58: =IF(C58="","",DATEDIF(I58,TODAY(),"Y")) -> 26 | K58: 36041152 | L58: Cirujanos, 679, Lagos De Oriente.
A59: =IF(D59="","",COUNTA($D$4:$D59)) -> 56 | B59: =IF(C59="","",D59&F59&COUNTIFS($D$4:D59,D59,$F$4:F59,F59)) -> MB17 | C59: Arenas Monrroy Keila Sunem | D59: M | E59: JU | F59: B | G59: SÍ | H59: SÍ | I59: 36460 | J59: =IF(C59="","",DATEDIF(I59,TODAY(),"Y")) -> 26 | K59: 3311197259 | L59: Nazaret, 665, Lagos De Oriente
A60: =IF(D60="","",COUNTA($D$4:$D60)) -> 57 | B60: =IF(C60="","",D60&F60&COUNTIFS($D$4:D60,D60,$F$4:F60,F60)) -> MJ6 | C60: Ariza Quiahua Abisag | D60: M | E60: JU | F60: J | H60: SÍ | I60: 35341 | J60: =IF(C60="","",DATEDIF(I60,TODAY(),"Y")) -> 29 | K60: 3319991628 | L60: Jerusalem #3417- A, Hermosa Provincia | M60: 42879
A61: =IF(D61="","",COUNTA($D$4:$D61)) -> 58 | B61: =IF(C61="","",D61&F61&COUNTIFS($D$4:D61,D61,$F$4:F61,F61)) -> MJ7 | C61: Ariza Quiahua Cedema | D61: M | E61: JU | F61: J | G61: SÍ | H61: SÍ | I61: 36918 | J61: =IF(C61="","",DATEDIF(I61,TODAY(),"Y")) -> 25 | K61: 3334888944 | L61: Jerusalen,3417-A, Hermosa Provincia | M61: 42066 | N61: 4 señoritas EHP Ana Isabel Valenzuela
A62: =IF(D62="","",COUNTA($D$4:$D62)) -> 59 | B62: =IF(C62="","",D62&F62&COUNTIFS($D$4:D62,D62,$F$4:F62,F62)) -> MV4 | C62: Ariza Quiahua Hadasa Judith | D62: M | E62: JU | F62: V | G62: SÍ | H62: SÍ | I62: 36399 | J62: =IF(C62="","",DATEDIF(I62,TODAY(),"Y")) -> 26 | K62: 20167835 | L62: Jerusalen,3417-A, Hermosa Provincia | M62: 42066 | N62: 4 señoritas EHP Ana Isabel Valenzuela
A63: =IF(D63="","",COUNTA($D$4:$D63)) -> 60 | B63: =IF(C63="","",D63&F63&COUNTIFS($D$4:D63,D63,$F$4:F63,F63)) -> HMi1 | C63: Ariza Ramos José Juan | D63: H | E63: CG | F63: Mi | H63: SÍ | I63: 24480 | J63: =IF(C63="","",DATEDIF(I63,TODAY(),"Y")) -> 59 | K63: 3323837215 | L63: Jerusalen,3417 A, Hermosa Provincia | M63: 42129
A64: =IF(D64="","",COUNTA($D$4:$D64)) -> 61 | B64: =IF(C64="","",D64&F64&COUNTIFS($D$4:D64,D64,$F$4:F64,F64)) -> MB18 | C64: Armendariz Bravo Ivone | D64: M | E64: SO | F64: B | G64: SÍ | H64: SÍ | I64: 27568 | J64: =IF(C64="","",DATEDIF(I64,TODAY(),"Y")) -> 50 | K64: 3327009186 | L64: Av. Presa Osorio 3590, Lagos de Oriente | M64: 43650 | N64: 2 solas, EHP Rut Aguilar Solis
A65: =IF(D65="","",COUNTA($D$4:$D65)) -> 62 | B65: =IF(C65="","",D65&F65&COUNTIFS($D$4:D65,D65,$F$4:F65,F65)) -> MB19 | C65: Ávalos Aguilera Alexa Saaraim | D65: M | E65: JU | F65: B | G65: SÍ | H65: SÍ | I65: 36871 | J65: =IF(C65="","",DATEDIF(I65,TODAY(),"Y")) -> 25 | K65: 3323837215 | L65: {, Col. Miguel Hidalgo | M65: 42749 | N65: 1° Señoritas, Hna. Luz Ma. León
A66: =IF(D66="","",COUNTA($D$4:$D66)) -> 63 | B66: =IF(C66="","",D66&F66&COUNTIFS($D$4:D66,D66,$F$4:F66,F66)) -> MB20 | C66: Ávalos Nuila Sayri | D66: M | E66: JU | F66: B | G66: SÍ | H66: SÍ | I66: 36740 | J66: =IF(C66="","",DATEDIF(I66,TODAY(),"Y")) -> 25 | K66: 3315701826 | L66: Esteban Alatorre, 3331, Hermosa Provincia
A67: =IF(D67="","",COUNTA($D$4:$D67)) -> 64 | B67: =IF(C67="","",D67&F67&COUNTIFS($D$4:D67,D67,$F$4:F67,F67)) -> HB10 | C67: Ávila Valle Jonathán | D67: H | E67: JU | F67: B | G67: SÍ | H67: SÍ | I67: 36256 | J67: =IF(C67="","",DATEDIF(I67,TODAY(),"Y")) -> 27 | K67: 3322159776 | L67: Esteban Huerta, 934, Col. Miguel Hidalgo | M67: 42948 | N67: Regreso a su Grupo
A68: =IF(D68="","",COUNTA($D$4:$D68)) -> 65 | B68: =IF(C68="","",D68&F68&COUNTIFS($D$4:D68,D68,$F$4:F68,F68)) -> MB21 | C68: Ayala Alonso Yannet | D68: M | E68: CC | F68: B | G68: SÍ | H68: SÍ | I68: 34283 | J68: =IF(C68="","",DATEDIF(I68,TODAY(),"Y")) -> 32 | K68: 3323201186 | L68: Presa Modelo 583, Lagos de Oriente | M68: 43481 | N68: 3 casadas EHP Rosalia Palomar Soltelo
A69: =IF(D69="","",COUNTA($D$4:$D69)) -> 66 | B69: =IF(C69="","",D69&F69&COUNTIFS($D$4:D69,D69,$F$4:F69,F69)) -> MV5 | C69: Bahena Arismendi Raymunda | D69: M | E69: SO | F69: V | G69: SÍ | H69: SÍ | I69: 15861 | J69: =IF(C69="","",DATEDIF(I69,TODAY(),"Y")) -> 82 | K69: 331485877 | L69: Educadores,3420, Lagos De Oriente | N69: 6 sola, EHP Maria Elena Reyes vda de Acevedo
A70: =IF(D70="","",COUNTA($D$4:$D70)) -> 67 | B70: =IF(C70="","",D70&F70&COUNTIFS($D$4:D70,D70,$F$4:F70,F70)) -> HJ2 | C70: Barajas Torres Salomón | D70: H | E70: CG | F70: J | G70: SÍ | H70: SÍ | I70: 21758 | J70: =IF(C70="","",DATEDIF(I70,TODAY(),"Y")) -> 66 | K70: 3314078967 | L70: Calle Nubia 923 Cuahutemoc sec. libertad | M70: 45761 | N70: 13 casados EHP David Cuevas Arellano
A71: =IF(D71="","",COUNTA($D$4:$D71)) -> 68 | B71: =IF(C71="","",D71&F71&COUNTIFS($D$4:D71,D71,$F$4:F71,F71)) -> HB11 | C71: Barba Herrera Pedro | D71: H | E71: SO | F71: B | G71: SÍ | H71: SÍ | I71: 27422 | J71: =IF(C71="","",DATEDIF(I71,TODAY(),"Y")) -> 51 | K71: 3315513498 | L71: Canaan, 3491, Hermosa Provincia
A72: =IF(D72="","",COUNTA($D$4:$D72)) -> 69 | B72: =IF(C72="","",D72&F72&COUNTIFS($D$4:D72,D72,$F$4:F72,F72)) -> MB22 | C72: Barba Romo Esperanza | D72: M | E72: SO | F72: B | G72: SÍ | H72: SÍ | I72: 15876 | J72: =IF(C72="","",DATEDIF(I72,TODAY(),"Y")) -> 82 | K72: 19322311 | L72: Nazaret 738-A, Hermosa Provincia
A73: =IF(D73="","",COUNTA($D$4:$D73)) -> 70 | B73: =IF(C73="","",D73&F73&COUNTIFS($D$4:D73,D73,$F$4:F73,F73)) -> MV6 | C73: Barcenas Villegas Elioenai Elizabeth | D73: M | E73: JU | F73: V | G73: SÍ | H73: SÍ | I73: 40395 | J73: =IF(C73="","",DATEDIF(I73,TODAY(),"Y")) -> 15 | K73: 3335454890 | L73: Emilio Rabaza 3834, col. Los arrayanes | M73: 26-sep-24 | N73: 2 adolescentes EHP Nebaí Zamora
A74: =IF(D74="","",COUNTA($D$4:$D74)) -> 71 | B74: =IF(C74="","",D74&F74&COUNTIFS($D$4:D74,D74,$F$4:F74,F74)) -> MMi1 | C74: Barillas Pérez Elizabeth | D74: M | E74: CG | F74: Mi | G74: SÍ | H74: SÍ | I74: 26577 | J74: =IF(C74="","",DATEDIF(I74,TODAY(),"Y")) -> 53 | K74: 3318410274 | L74: Demostenes, 617, Libertad | N74: 14 de casadas EHP Adriana Padilla
A75: =IF(D75="","",COUNTA($D$4:$D75)) -> 72 | B75: =IF(C75="","",D75&F75&COUNTIFS($D$4:D75,D75,$F$4:F75,F75)) -> HJ3 | C75: Baro Rosano Josué | D75: H | E75: CG | F75: J | H75: SÍ | I75: 24474 | J75: =IF(C75="","",DATEDIF(I75,TODAY(),"Y")) -> 59 | K75: 3311721649 | L75: Procuradores, 3338, Lagos De Oriente
A76: =IF(D76="","",COUNTA($D$4:$D76)) -> 73 | B76: =IF(C76="","",D76&F76&COUNTIFS($D$4:D76,D76,$F$4:F76,F76)) -> HB12 | C76: Barranco López Ángel Uziel | D76: H | E76: CM | F76: B | G76: SÍ | H76: SÍ | I76: 32322 | J76: =IF(C76="","",DATEDIF(I76,TODAY(),"Y")) -> 37 | K76: 16659037 | L76: José Ma. Samacona, 3561-A. M. H.
A77: =IF(D77="","",COUNTA($D$4:$D77)) -> 74 | B77: =IF(C77="","",D77&F77&COUNTIFS($D$4:D77,D77,$F$4:F77,F77)) -> HB13 | C77: Barrera Ramirez Jonathan | D77: H | E77: CC | F77: B | G77: SÍ | H77: SÍ | J77: =IF(C77="","",DATEDIF(I77,TODAY(),"Y")) -> 126 | K77: 2292586490 | L77: Presa Sanalona 855, Hermosa Provincia | M77: 44362 | N77: 4 jovenes, EHP Josue Coronado
A78: =IF(D78="","",COUNTA($D$4:$D78)) -> 75 | B78: =IF(C78="","",D78&F78&COUNTIFS($D$4:D78,D78,$F$4:F78,F78)) -> MJ8 | C78: Barrera Santana Olga Lidia | D78: M | E78: CG | F78: J | G78: SÍ | H78: SÍ | I78: 23729 | J78: =IF(C78="","",DATEDIF(I78,TODAY(),"Y")) -> 61 | K78: 3313678716 | L78: Canaan 3507-1, Hermosa Provincia | M78: 44500 | N78: 4 solas EHP Xochilth Chavez Joaquín
A79: =IF(D79="","",COUNTA($D$4:$D79)) -> 76 | B79: =IF(C79="","",D79&F79&COUNTIFS($D$4:D79,D79,$F$4:F79,F79)) -> HS5 | C79: Barrientos Yañez Eleazar | D79: H | E79: CG | F79: S | H79: SÍ | I79: 27543 | J79: =IF(C79="","",DATEDIF(I79,TODAY(),"Y")) -> 50 | K79: 3310630633 | L79: Educadores 3412, Lagos de Oriente | M79: 43773 | N79: 7 Casados, EHP Abezaleel Carrillo G.
A80: =IF(D80="","",COUNTA($D$4:$D80)) -> 77 | B80: =IF(C80="","",D80&F80&COUNTIFS($D$4:D80,D80,$F$4:F80,F80)) -> HL4 | C80: Barrios Castañeda Joab Jamish | D80: H | E80: JU | F80: L | G80: SÍ | H80: SÍ | I80: 38730 | J80: =IF(C80="","",DATEDIF(I80,TODAY(),"Y")) -> 20 | K80: 3330055459 | L80: Sabtiago Guzman 971 | M80: 45607 | N80: 2 jovenes EHP Benjamin Menchaca
A81: =IF(D81="","",COUNTA($D$4:$D81)) -> 78 | B81: =IF(C81="","",D81&F81&COUNTIFS($D$4:D81,D81,$F$4:F81,F81)) -> MB23 | C81: Bautista Cruz Milca Elizabeth | D81: M | E81: CC | F81: B | G81: SÍ | H81: SÍ | I81: 32768 | J81: =IF(C81="","",DATEDIF(I81,TODAY(),"Y")) -> 36 | K81: 3339046591 | L81: Presa Sanalona, 810, Sn Joaquin
A82: =IF(D82="","",COUNTA($D$4:$D82)) -> 79 | B82: =IF(C82="","",D82&F82&COUNTIFS($D$4:D82,D82,$F$4:F82,F82)) -> HB14 | C82: Bautista Michicol Galdino Azael | D82: H | E82: JU | F82: B | G82: SÍ | H82: SÍ | I82: 37564 | J82: =IF(C82="","",DATEDIF(I82,TODAY(),"Y")) -> 23 | K82: 33.1027.8635 | L82: Mariano Coronado 1237, Col. Lomas del Gallo | M82: 42708
A83: =IF(D83="","",COUNTA($D$4:$D83)) -> 80 | B83: =IF(C83="","",D83&F83&COUNTIFS($D$4:D83,D83,$F$4:F83,F83)) -> HS6 | C83: Becerra Cortes Efren | D83: H | E83: CM | F83: S | G83: SÍ | H83: SÍ | I83: 31555 | J83: =IF(C83="","",DATEDIF(I83,TODAY(),"Y")) -> 39 | K83: 3311808412 | L83: Jerusalen 3491, Hermosa Provincia | M83: 46035 | N83: 5 casados EHP José Navarro Duran
A84: =IF(D84="","",COUNTA($D$4:$D84)) -> 81 | B84: =IF(C84="","",D84&F84&COUNTIFS($D$4:D84,D84,$F$4:F84,F84)) -> MJ9 | C84: Becerra Islas Bertha | D84: M | E84: CG | F84: J | G84: SÍ | H84: SÍ | I84: 21671 | J84: =IF(C84="","",DATEDIF(I84,TODAY(),"Y")) -> 66 | K84: 3334033963 | L84: Agronomos, 3332, Lagos De Oriente | N84: 17 casadas EHP Dalila Coronado
A85: =IF(D85="","",COUNTA($D$4:$D85)) -> 82 | B85: =IF(C85="","",D85&F85&COUNTIFS($D$4:D85,D85,$F$4:F85,F85)) -> HB15 | C85: Bernal Carillo Yair | D85: H | E85: JU | F85: B | G85: SÍ | H85: SÍ | I85: 39225 | J85: =IF(C85="","",DATEDIF(I85,TODAY(),"Y")) -> 18 | K85: 3328079212 | L85: Telegrafistas 3492, Hermosa Provinica | M85: 44358 | N85: 1 adolescentes EHP Carlos Hernandez Larios
A86: =IF(D86="","",COUNTA($D$4:$D86)) -> 83 | B86: =IF(C86="","",D86&F86&COUNTIFS($D$4:D86,D86,$F$4:F86,F86)) -> MB24 | C86: Bernal Carrillo Jaanay | D86: M | E86: JU | F86: B | G86: SÍ | H86: SÍ | I86: 37287 | J86: =IF(C86="","",DATEDIF(I86,TODAY(),"Y")) -> 24 | K86: 3311801020 | L86: Telegrafistas, 3492, Lagos De Oriente
A87: =IF(D87="","",COUNTA($D$4:$D87)) -> 84 | B87: =IF(C87="","",D87&F87&COUNTIFS($D$4:D87,D87,$F$4:F87,F87)) -> HB16 | C87: Bernal Ruelas Gerónimo | D87: H | E87: CG | F87: B | G87: SÍ | H87: SÍ | I87: 26467 | J87: =IF(C87="","",DATEDIF(I87,TODAY(),"Y")) -> 53 | K87: 3328109655 | L87: Teresa Vera 857, Lomas del Gallo | M87: 44777 | N87: 10° casados, Moises Coronado Ulloa
A88: =IF(D88="","",COUNTA($D$4:$D88)) -> 85 | B88: =IF(C88="","",D88&F88&COUNTIFS($D$4:D88,D88,$F$4:F88,F88)) -> HV3 | C88: Berumen Rosales Josue | D88: H | E88: JU | F88: V | H88: SÍ | I88: 39317 | J88: =IF(C88="","",DATEDIF(I88,TODAY(),"Y")) -> 18 | K88: 3334423388 | L88: Escalon 627, Lagos de Oriente | M88: 44753 | N88: 2 adolescentes,Sergio Altamirano
A89: =IF(D89="","",COUNTA($D$4:$D89)) -> 86 | B89: =IF(C89="","",D89&F89&COUNTIFS($D$4:D89,D89,$F$4:F89,F89)) -> HJ4 | C89: Bobadilla Bañuelos José | D89: H | E89: CG | F89: J | G89: SÍ | H89: SÍ | I89: 16522 | J89: =IF(C89="","",DATEDIF(I89,TODAY(),"Y")) -> 81 | K89: 3316289925 | L89: Demostenes,573,Lagos De Oriente | N89: 13 casados, EHP David Cuevas Arellano
A90: =IF(D90="","",COUNTA($D$4:$D90)) -> 87 | B90: =IF(C90="","",D90&F90&COUNTIFS($D$4:D90,D90,$F$4:F90,F90)) -> MB25 | C90: Botello Vázquez Jabnia Nahomi | D90: M | E90: JU | F90: B | G90: SÍ | H90: SÍ | I90: 39077 | J90: =IF(C90="","",DATEDIF(I90,TODAY(),"Y")) -> 19 | L90: Santo Tomas 3096, Cuahutemoc | M90: 43843 | N90: 2 adolescentes, EHP Nebai Zamora
A91: =IF(D91="","",COUNTA($D$4:$D91)) -> 88 | B91: =IF(C91="","",D91&F91&COUNTIFS($D$4:D91,D91,$F$4:F91,F91)) -> HB17 | C91: Botello Vázquez José Jaír | D91: H | E91: JU | F91: B | G91: SÍ | H91: NO | I91: 36724 | J91: =IF(C91="","",DATEDIF(I91,TODAY(),"Y")) -> 25 | K91: 3319471406 | L91: Santo Tomás, 3096, Col. Cuahutemoc | N91: Falta Foto
A92: =IF(D92="","",COUNTA($D$4:$D92)) -> 89 | B92: =IF(C92="","",D92&F92&COUNTIFS($D$4:D92,D92,$F$4:F92,F92)) -> ML4 | C92: Bravo Rodríguez Abigail Susana | D92: M | E92: SO | F92: L | G92: SÍ | H92: SÍ | I92: 18855 | J92: =IF(C92="","",DATEDIF(I92,TODAY(),"Y")) -> 74 | K92: 3310548808 | L92: Senado, 3292, Col. Libertad
A93: =IF(D93="","",COUNTA($D$4:$D93)) -> 90 | B93: =IF(C93="","",D93&F93&COUNTIFS($D$4:D93,D93,$F$4:F93,F93)) -> HB18 | C93: Bravo Santamaria Isaac Emanuel | D93: H | E93: JU | F93: B | G93: SÍ | H93: SÍ | I93: 36609 | J93: =IF(C93="","",DATEDIF(I93,TODAY(),"Y")) -> 26 | K93: 5537782007 | L93: Escalon,630, Lagos de Oriente | M93: 43107
A94: =IF(D94="","",COUNTA($D$4:$D94)) -> 91 | B94: =IF(C94="","",D94&F94&COUNTIFS($D$4:D94,D94,$F$4:F94,F94)) -> HB19 | C94: Bravo Tinejero Emmanuel Alejandro | D94: H | E94: JU | F94: B | G94: SÍ | H94: SÍ | I94: 37872 | J94: =IF(C94="","",DATEDIF(I94,TODAY(),"Y")) -> 22 | K94: 3333301156 | L94: Senado 3218, Libertad | M94: 44102 | N94: 1 jovenes, EHP Daniel Coronado Pelayo
A95: =IF(D95="","",COUNTA($D$4:$D95)) -> 92 | B95: =IF(C95="","",D95&F95&COUNTIFS($D$4:D95,D95,$F$4:F95,F95)) -> MD4 | C95: Bravo Vázquez Ana María | D95: M | E95: CG | F95: D | G95: SÍ | H95: SÍ | I95: 24880 | J95: =IF(C95="","",DATEDIF(I95,TODAY(),"Y")) -> 58 | K95: 3315026214 | L95: Presa Palmito 864 | M95: 43986 | N95: 16 casadas EHP Maria dek Carmen Abarca
A96: =IF(D96="","",COUNTA($D$4:$D96)) -> 93 | B96: =IF(C96="","",D96&F96&COUNTIFS($D$4:D96,D96,$F$4:F96,F96)) -> MS3 | C96: Bucio de la Torre Helem Salmai | D96: M | E96: JU | F96: S | H96: SÍ | I96: 40608 | J96: =IF(C96="","",DATEDIF(I96,TODAY(),"Y")) -> 15 | K96: 3316910315 | L96: María Reyes 4517, col. Aldama Tetlan | M96: 45603 | N96: 1 adolescentes EHP Jazhel Martinez
A97: =IF(D97="","",COUNTA($D$4:$D97)) -> 94 | B97: =IF(C97="","",D97&F97&COUNTIFS($D$4:D97,D97,$F$4:F97,F97)) -> HJ5 | C97: Bucio Pardo Pablo | D97: H | E97: SO | F97: J | G97: SÍ | H97: SÍ | I97: 11513 | J97: =IF(C97="","",DATEDIF(I97,TODAY(),"Y")) -> 94 | K97: SIN | L97: Calz Dr Sjf,3426,Hermosa Provincia | N97: 2 solos EHP Gustavo Flores Ramirez
A98: =IF(D98="","",COUNTA($D$4:$D98)) -> 95 | B98: =IF(C98="","",D98&F98&COUNTIFS($D$4:D98,D98,$F$4:F98,F98)) -> HB20 | C98: Bucio Ramirez Aziel Michel | D98: H | E98: JU | F98: B | G98: SÍ | H98: SÍ | I98: 38280 | J98: =IF(C98="","",DATEDIF(I98,TODAY(),"Y")) -> 21 | K98: 3322024509 | L98: Geografos 805, Lagos de Oriente | M98: 43604 | N98: 2 adolescentes, EHP Sergio Altamirano
A99: =IF(D99="","",COUNTA($D$4:$D99)) -> 96 | B99: =IF(C99="","",D99&F99&COUNTIFS($D$4:D99,D99,$F$4:F99,F99)) -> ML5 | C99: Budac López Maricela | D99: M | E99: SO | F99: L | G99: SÍ | H99: SÍ | I99: 23272 | J99: =IF(C99="","",DATEDIF(I99,TODAY(),"Y")) -> 62 | K99: 3315303935 | L99: Priv. De Belen 33, Col. Hermosa Provincia | N99: 4 solas EHP Xochilth Chavez Joaquín
A100: =IF(D100="","",COUNTA($D$4:$D100)) -> 97 | B100: =IF(C100="","",D100&F100&COUNTIFS($D$4:D100,D100,$F$4:F100,F100)) -> HV4 | C100: Caamal González Yeudiel | D100: H | E100: JU | F100: V | H100: SÍ | I100: 36279 | J100: =IF(C100="","",DATEDIF(I100,TODAY(),"Y")) -> 26 | K100: 3311555794 | L100: Ramon Silva, 2253, Mtro. Aaron Joaquin
A101: =IF(D101="","",COUNTA($D$4:$D101)) -> 98 | B101: =IF(C101="","",D101&F101&COUNTIFS($D$4:D101,D101,$F$4:F101,F101)) -> MMi2 | C101: Cabrera Bautista Betsua | D101: M | E101: CM | F101: Mi | G101: SÍ | H101: SÍ | I101: 31623 | J101: =IF(C101="","",DATEDIF(I101,TODAY(),"Y")) -> 39 | K101: 3323527757 | L101: Av. Plutarco Elias Calles,1089-2, San Isidro | N101: 9no Casadas, EHP Drucila Almaguer
...

Sheet Asistencia
A1: =UPPER(TEXT($C$19,"mmmm aaa")) -> ABRIL LUN | AI1: Total de oraciones del mes, a las que asistió cada hermano.
C4: 1 | D4: H | E4: j | F4: ="Herman"&IF(D4="H","o","a")&"s del día: "&PROPER(VLOOKUP(E4,Tablas!$A$3:$B$9,2,0)) -> Hermanos del día: Jueves
A6: RESUMEN MENSUAL | AI6: Total de oraciones asistidas al mes
A7: ¿Hoy llegaron mas hermanos a la oración? Por favor anótalos en el cuadro. | C7: =C18 -> L | D7: =D18 -> M | E7: =E18 -> M | F7: =F18 -> J | G7: =G18 -> V | H7: =H18 -> S | I7: =I18 -> D | J7: =J18 -> L | ... AG7: =AG18
C8: =C19 -> 45383 | D8: =D19 -> 45384 | E8: =E19 -> 45385 | F8: =F19 -> 45386 | G8: =G19 -> 45387 | H8: =H19 -> 45388 | I8: =I19 -> 45389 | J8: =J19 -> 45390 | ... AG8: =AG19 | AI8: 5 | AK8: C | AM8: S / J
C9: 5 | D9: 5 | E9: 5 | F9: 5 | G9: 5 | H9: 5 | I9: 5 | J9: 5 | K9: 5 | L9: 5 | M9: 5 | N9: 5 | O9: 5 | P9: 5 | Q9: 5 | R9: 5 | S9: 5 | T9: 5 | U9: 5 | V9: 5 | W9: 5 | X9: 5 | Y9: 5 | Z9: 5 | AA9: 5 | AB9: 5 | AC9: 5 | AD9: 5 | AE9: =IF(AE8="","",5) -> 5 | AF9: =IF(AF8="","",5) -> 5 | AG9: =IF(AG8="","",5)
C10: =IF(C$7="D","D",9) -> 9 | D10: =IF(D$7="D","D",9) -> 9 | E10: =IF(E$7="D","D",9) -> 9 | F10: =IF(F$7="D","D",9) -> 9 | G10: =IF(G$7="D","D",9) -> 9 | H10: =IF(H$7="D","D",9) -> 9 | I10: =IF(I$7="D","D",9) -> D | J10: =IF(J$7="D","D",9) -> 9 | ... AD10: =IF(AD$7="D","D",9) -> D | AE10: =IF(AE7="","",IF(AE$7="D","D",9)) -> 9 | AF10: =IF(AF7="","",IF(AF$7="D","D",9)) -> 9 | AG10: =IF(AG7="","",IF(AG$7="D","D",9)) | AI10: 9 | AK10: D
C11: =IF(OR(C$7="D",C$7="J"),"S",6) -> 6 | D11: =IF(OR(D$7="D",D$7="J"),"S",6) -> 6 | E11: =IF(OR(E$7="D",E$7="J"),"S",6) -> 6 | F11: =IF(OR(F$7="D",F$7="J"),"S",6) -> S | G11: =IF(OR(G$7="D",G$7="J"),"S",6) -> 6 | H11: =IF(OR(H$7="D",H$7="J"),"S",6) -> 6 | I11: =IF(OR(I$7="D",I$7="J"),"S",6) -> S | J11: =IF(OR(J$7="D",J$7="J"),"S",6) -> 6 | ... AD11: =IF(OR(AD$7="D",AD$7="J"),"S",6) -> S | AE11: =IF(AE7="","",IF(OR(AE$7="D",AE$7="J"),"S",6)) -> 6 | AF11: =IF(AF7="","",IF(OR(AF$7="D",AF$7="J"),"S",6)) -> 6 | AG11: =IF(AG7="","",IF(OR(AG$7="D",AG$7="J"),"S",6))
C12: =IF(OR(C$7="D",C$7="J"),"","C") -> C | D12: =IF(OR(D$7="D",D$7="J"),"","C") -> C | E12: =IF(OR(E$7="D",E$7="J"),"","C") -> C | F12: =IF(OR(F$7="D",F$7="J"),"","C") | G12: =IF(OR(G$7="D",G$7="J"),"","C") -> C | H12: =IF(OR(H$7="D",H$7="J"),"","C") -> C | I12: =IF(OR(I$7="D",I$7="J"),"","C") | J12: =IF(OR(J$7="D",J$7="J"),"","C") -> C | ... AD12: =IF(OR(AD$7="D",AD$7="J"),"","C") | AE12: =IF(AE7="","",IF(OR(AE$7="D",AE$7="J"),"","C")) -> C | AF12: =IF(AF7="","",IF(OR(AF$7="D",AF$7="J"),"","C")) -> C | AG12: =IF(AG7="","",IF(OR(AG$7="D",AG$7="J"),"","C")) | AI12: 6 | AK12: S / D
C14: ="Oraciones de 5 ……….. "&COUNTIF($C$9:$AG$12,5) -> Oraciones de 5 ……….. 30 | L14: ="Oraciones de 6 …….….. "&COUNTIF($C$9:$AG$12,6) -> Oraciones de 6 …….….. 22 | W14: ="Dominicales ……….……....….. "&COUNTIF($C$9:$AG$12,"D") -> Dominicales ……….……....….. 4
C15: ="Oraciones de 9 ……….. "&COUNTIF($C$9:$AG$12,9) -> Oraciones de 9 ……….. 26 | L15: ="Consagraciones ……….. "&COUNTIF($C$9:$AG$12,"C") -> Consagraciones ……….. 22 | W15: ="Servicios (Dom/Jue) ……….. "&COUNTIF($C$7:$AG$7,"D")&" / "&COUNTIF($C$7:$AG$7,"J") -> Servicios (Dom/Jue) ……….. 4 / 4
A17: ="LISTA DE ASISTENCIA A LAS ORACIONES EN EL MES DE "&UPPER(TEXT(C19,"mmmm / aaa"))&" - HERMAN"&IF(D4="H","O","A")&"S DEL DÍA "&UPPER(VLOOKUP(E4,Tablas!$A$3:$B$9,2,0)) -> LISTA DE ASISTENCIA A LAS ORACIONES EN EL MES DE ABRIL / LUN - HERMANOS DEL DÍA JUEVES
A18: No. | B18: N O M B R E S | C18: =UPPER(LEFT(TEXT(WEEKDAY(C19),"ddd"),1)) -> L | D18: =UPPER(LEFT(TEXT(WEEKDAY(D19),"ddd"),1)) -> M | E18: =UPPER(LEFT(TEXT(WEEKDAY(E19),"ddd"),1)) -> M | F18: =UPPER(LEFT(TEXT(WEEKDAY(F19),"ddd"),1)) -> J | G18: =UPPER(LEFT(TEXT(WEEKDAY(G19),"ddd"),1)) -> V | H18: =UPPER(LEFT(TEXT(WEEKDAY(H19),"ddd"),1)) -> S | I18: =UPPER(LEFT(TEXT(WEEKDAY(I19),"ddd"),1)) -> D | J18: =UPPER(LEFT(TEXT(WEEKDAY(J19),"ddd"),1)) -> L | ... AD18: =UPPER(LEFT(TEXT(WEEKDAY(AD19),"ddd"),1)) -> D | AE18: =IF(AE19="", "",UPPER(LEFT(TEXT(WEEKDAY(AE19),"ddd"),1))) -> L | AF18: =IF(AF19="", "",UPPER(LEFT(TEXT(WEEKDAY(AF19),"ddd"),1))) -> M | AG18: =IF(AG19="", "",UPPER(LEFT(TEXT(WEEKDAY(AG19),"ddd"),1))) | AI18: .. Cual será tu record ?
C19: 45383 | D19: =+C19+1 -> 45384 | E19: =+D19+1 -> 45385 | F19: =+E19+1 -> 45386 | G19: =+F19+1 -> 45387 | H19: =+G19+1 -> 45388 | I19: =+H19+1 -> 45389 | J19: =+I19+1 -> 45390 | K19: =+J19+1 -> 45391 | ... AD19: =+AC19+1 -> 45410 | AE19: =IF(MONTH(AD19+1)=MONTH(AD19),AD19+1,"") -> 45411 | AF19: =IF(AE19="","",IF(MONTH(AE19+1)=MONTH(AE19),AE19+1,"")) -> 45412 | AG19: =IF(AF19="","",IF(MONTH(AF19+1)=MONTH(AF19),AF19+1,"")) | AI19: D | AJ19: S | AK19: C | AL19: 5 | AM19: 9 | AN19: 6
A20: 1
A21: 2
A22: 3
A23: 4
A24: 5
A25: 6
A26: 7
A27: 8
A28: 9
A29: 10
A30: 11
A31: 12
... A40: 21
A41: 22 | B41: =IF(ISERROR(VLOOKUP($D$4&$E$4&$A41,'Lista General'!$B$4:$C$723,2,0)),"",VLOOKUP($D$4&$E$4&$A41,'Lista General'!$B$4:$C$723,2,0))
A42: 23 | B42: =IF(ISERROR(VLOOKUP($D$4&$E$4&$A42,'Lista General'!$B$4:$C$723,2,0)),"",VLOOKUP($D$4&$E$4&$A42,'Lista General'!$B$4:$C$723,2,0))
A43: 24 | B43: =IF(ISERROR(VLOOKUP($D$4&$E$4&$A43,'Lista General'!$B$4:$C$723,2,0)),"",VLOOKUP($D$4&$E$4&$A43,'Lista General'!$B$4:$C$723,2,0))
A44: 25 | B44: =IF(ISERROR(VLOOKUP($D$4&$E$4&$A44,'Lista General'!$B$4:$C$723,2,0)),"",VLOOKUP($D$4&$E$4&$A44,'Lista General'!$B$4:$C$723,2,0))
A45: 26 | B45: =IF(ISERROR(VLOOKUP($D$4&$E$4&$A45,'Lista General'!$B$4:$C$723,2,0)),"",VLOOKUP($D$4&$E$4&$A45,'Lista General'!$B$4:$C$723,2,0))
A46: 27 | B46: =IF(ISERROR(VLOOKUP($D$4&$E$4&$A46,'Lista General'!$B$4:$C$723,2,0)),"",VLOOKUP($D$4&$E$4&$A46,'Lista General'!$B$4:$C$723,2,0))
A47: 28 | B47: =IF(ISERROR(VLOOKUP($D$4&$E$4&$A47,'Lista General'!$B$4:$C$723,2,0)),"",VLOOKUP($D$4&$E$4&$A47,'Lista General'!$B$4:$C$723,2,0))
A48: 29 | B48: =IF(ISERROR(VLOOKUP($D$4&$E$4&$A48,'Lista General'!$B$4:$C$723,2,0)),"",VLOOKUP($D$4&$E$4&$A48,'Lista General'!$B$4:$C$723,2,0))
A49: 30 | B49: =IF(ISERROR(VLOOKUP($D$4&$E$4&$A49,'Lista General'!$B$4:$C$723,2,0)),"",VLOOKUP($D$4&$E$4&$A49,'Lista General'!$B$4:$C$723,2,0))
A50: 31 | B50: =IF(ISERROR(VLOOKUP($D$4&$E$4&$A50,'Lista General'!$B$4:$C$723,2,0)),"",VLOOKUP($D$4&$E$4&$A50,'Lista General'!$B$4:$C$723,2,0))
A51: 32 | B51: =IF(ISERROR(VLOOKUP($D$4&$E$4&$A51,'Lista General'!$B$4:$C$723,2,0)),"",VLOOKUP($D$4&$E$4&$A51,'Lista General'!$B$4:$C$723,2,0))
A52: 33 | B52: =IF(ISERROR(VLOOKUP($D$4&$E$4&$A52,'Lista General'!$B$4:$C$723,2,0)),"",VLOOKUP($D$4&$E$4&$A52,'Lista General'!$B$4:$C$723,2,0))
... A119: 100 | B119: =IF(ISERROR(VLOOKUP($D$4&$E$4&$A119,'Lista General'!$B$4:$C$723,2,0)),"",VLOOKUP($D$4&$E$4&$A119,'Lista General'!$B$4:$C$723,2,0))

Sheet Guardias
C1: Asistencia al día ofrecido para
C2: la Obra del Señor
E3: CORRESPONDIENTE AL MES DE | F3: 43221
B4: =IF(Asistencia!$D$4="H","RESPONSABLE DEL DÍA HNO.","COORDINADORA HNA.") -> RESPONSABLE DEL DÍA HNO. | C4: =UPPER(VLOOKUP(J4,Tablas!$B$3:$D$9,IF(Asistencia!$D$4="H",2,3),0)) -> GOMEZ QUINTERO JESUS | F4: 7 | I4: DÍA: | J4: =VLOOKUP(Asistencia!$E$4,Tablas!$A$3:$B$9,2,0) -> JUEVES
C5: Fecha de la semana al mes correspondiente
A6: No. | B6: N O M B R E | M6: TOTAL DE ASISTENCIAS
C7: entrada | D7: salida | E7: entrada | F7: salida | G7: entrada | H7: salida | I7: entrada | J7: salida | K7: entrada | L7: salida
A8: =Asistencia!A20 -> 1 | B8: =Asistencia!B20
A9: =Asistencia!A21 -> 2 | B9: =Asistencia!B21
A10: =Asistencia!A22 -> 3 | B10: =Asistencia!B22
A11: =Asistencia!A23 -> 4 | B11: =Asistencia!B23
A12: =Asistencia!A24 -> 5 | B12: =Asistencia!B24
A13: =Asistencia!A25 -> 6 | B13: =Asistencia!B25
A14: =Asistencia!A26 -> 7 | B14: =Asistencia!B26
A15: =Asistencia!A27 -> 8 | B15: =Asistencia!B27
A16: =Asistencia!A28 -> 9 | B16: =Asistencia!B28
A17: =Asistencia!A29 -> 10 | B17: =Asistencia!B29
A18: =Asistencia!A30 -> 11 | B18: =Asistencia!B30
A19: =Asistencia!A31 -> 12 | B19: =Asistencia!B31
... A38: =Asistencia!A50 -> 31 | B38: =Asistencia!B50
A39: =Asistencia!A51 -> 32
A40: =Asistencia!A52 -> 33
A41: =Asistencia!A53 -> 34 | B41: =Asistencia!B53
A42: =Asistencia!A54 -> 35 | B42: =Asistencia!B54
A43: =Asistencia!A55 -> 36 | B43: =Asistencia!B55
A44: =Asistencia!A56 -> 37 | B44: =Asistencia!B56
A45: =Asistencia!A57 -> 38 | B45: =Asistencia!B57
A46: =Asistencia!A58 -> 39 | B46: =Asistencia!B58
A47: =Asistencia!A59 -> 40 | B47: =Asistencia!B59
A48: =Asistencia!A60 -> 41 | B48: =Asistencia!B60
A49: =Asistencia!A61 -> 42 | B49: =Asistencia!B61
A50: =Asistencia!A62 -> 43 | B50: =Asistencia!B62
A51: =Asistencia!A63 -> 44 | B51: =Asistencia!B63
A52: =Asistencia!A64 -> 45 | B52: =Asistencia!B64
... A107: =Asistencia!A119 -> 100 | B107: =Asistencia!B119
B108: .
B109: .
B110: Porque nuestra gloria es esta: el testimonio de nuestra conciencia… 2 Cor. 1 : 12
B111: .
B112: ="AL FINAL DEL MES, FAVOR DE INFORMAR SI ALGUN"&IF(Asistencia!$D$4="H","O","A")&" DE L"&IF(Asistencia!$D$4="H","O","A")&"S HERMAN"&IF(Asistencia!$D$4="H","O","A")&"S, TUVO ALGUNA BENDICIÓN O EVENTO DE LOS ABAJO DESCRITOS Dios les pague." -> AL FINAL DEL MES, FAVOR DE INFORMAR SI ALGUNO DE LOS HERMANOS, TUVO ALGUNA BENDICIÓN O EVENTO DE LOS ABAJO DESCRITOS Dios les pague.
B113: .
B114: Nacimientos_______ Defunciones_______ Matrimonios________ B. en Esp. Santo________ B. en agua._______ Pres. de niños_______

Sheet Hoja1
C1: Asistencia al día ofrecido para
C2: la Obra del Señor
E3: CORRESPONDIENTE AL MES DE | F3: 43252
B4: COORDINADORA HNA. | C4: SÁNCHEZ RAMOS MARÍA EMILIA | I4: DÍA: | J4: MARTES
C5: Fecha de la semana al mes correspondiente
A6: No. | B6: N O M B R E | M6: TOTAL DE ASISTENCIAS
C7: entrada | D7: salida | E7: entrada | F7: salida | G7: entrada | H7: salida | I7: entrada | J7: salida | K7: entrada | L7: salida
A8: 1 | B8: Alegria Serrano Bethsaida
A9: 2 | B9: Alonso León Ashley
A10: 3 | B10: Aparicio Guatemala Claudia Mireya
A11: 4 | B11: Arana Palacios Elda Jazmín
A12: 5 | B12: Barba Romo Esperanza
A13: 6 | B13: Camarillo Mendoza Eunice
A14: 7 | B14: Camilo Solís Judith
A15: 8 | B15: Chávez Ortiz Ma De Lourdes
A16: 9 | B16: Flores Calderón María
A17: 10 | B17: Flores García Yolanda
A18: 11 | B18: García García Juana Ma
A19: 12 | B19: Gómez López Esther
... A44: 37 | B44: Vera Gutiérrez Guillermina Adela
B45: .
B46: .
B47: Porque nuestra gloria es esta: el testimonio de nuestra conciencia… 2 Cor. 1 : 12
B48: .
B49: AL FINAL DEL MES, FAVOR DE INFORMAR SI ALGUNA DE LAS HERMANAS, TUVO ALGUNA BENDICIÓN O EVENTO DE LOS ABAJO DESCRITOS Dios les pague.
B50: .
B51: Nacimientos_______ Defunciones_______ Matrimonios________ B. en Esp. Santo________ B. en agua._______ Pres. de niños_______

Sheet Altas
C1: ="Total: "&SUBTOTAL(3,$C$4:$C$10) -> Total: 7
A3: No. | B3: Llave | C3: N O M B R E | D3: G | E3: E.C. | F3: DIA | G3: CARTA | H3: REG. | I3: F. NAC. | J3: EDAD | K3: TEL. | L3: DIRECCION | M3: Fecha ingreso | N3: OBS.
B4: =IF(C4="","",D4&F4&COUNTIFS($D$4:D4,D4,$F$4:F4,F4)) -> HJ1 | C4: Jacob Alvarado Chavez | D4: H | E4: JU | F4: J | G4: SÍ | H4: SÍ | I4: 37852 | J4: =IF(C4="","",DATEDIF(I4,TODAY(),"Y")) -> 22 | K4: 3314707502 | L4: Gustavo Baz 3822, Lopez Velarde | M4: 42943
B5: =IF(C5="","",D5&F5&COUNTIFS($D$4:D5,D5,$F$4:F5,F5)) -> HMa1 | C5: Victorin Martinez Pedro | D5: H | E5: CG | F5: Ma | G5: SÍ | H5: SÍ | I5: 16742 | J5: =IF(C5="","",DATEDIF(I5,TODAY(),"Y")) -> 80 | K5: 3314989868 | L5: Jerusalen 3402, Hermosa Provincia | M5: 43002
B6: =IF(C6="","",D6&F6&COUNTIFS($D$4:D6,D6,$F$4:F6,F6)) -> HD1 | C6: Cabrera Comunidad Raul | D6: H | E6: JU | F6: D | G6: SÍ | H6: SÍ | I6: 35210 | J6: =IF(C6="","",DATEDIF(I6,TODAY(),"Y")) -> 29 | K6: 3334973578 | L6: Presa Osorio | M6: 43003
B7: =IF(C7="","",D7&F7&COUNTIFS($D$4:D7,D7,$F$4:F7,F7)) -> MS1 | C7: Pierrez Perez Citlali | D7: M | E7: JU | F7: S | G7: SÍ | H7: SÍ | I7: 37605 | J7: =IF(C7="","",DATEDIF(I7,TODAY(),"Y")) -> 23 | K7: 3321101304 | L7: Canaan 3957, San Joaquin | M7: 42983
B8: =IF(C8="","",D8&F8&COUNTIFS($D$4:D8,D8,$F$4:F8,F8)) -> MD1 | C8: Cardenas Cervantes Nancy Guadalupe | D8: M | E8: JU | F8: D | G8: SÍ | H8: SÍ | I8: 37188 | J8: =IF(C8="","",DATEDIF(I8,TODAY(),"Y")) -> 24 | K8: 3318570480 | L8: Presa la Escondida 3977, San Joaquin | M8: 42985
B9: =IF(C9="","",D9&F9&COUNTIFS($D$4:D9,D9,$F$4:F9,F9)) -> MD2 | C9: Martinez Morales Ruth | D9: M | E9: JU | F9: D | G9: SÍ | H9: SÍ | I9: 30146 | J9: =IF(C9="","",DATEDIF(I9,TODAY(),"Y")) -> 43 | K9: 3322426265 | L9: Presa Palmito,689, San Joaquin | M9: 42992
B10: =IF(C10="","",D10&F10&COUNTIFS($D$4:D10,D10,$F$4:F10,F10)) -> MV1 | C10: Reyes Aguilera Athalia Ismerai | D10: M | E10: JU | F10: V | G10: SÍ | H10: SÍ | I10: 37743 | J10: =IF(C10="","",DATEDIF(I10,TODAY(),"Y")) -> 22 | K10: 3319964457 | L10: Geografos 717, Lagos de Oriente | M10: 43045 | N10: 2 de adolescentes
B11: =IF(C11="","",D11&F11&COUNTIFS($D$4:D11,D11,$F$4:F11,F11)) -> MS2 | C11: Nimra Uribe Ceron | D11: M | E11: JU | F11: S | G11: NO | H11: SÍ | I11: 35070 | J11: =IF(C11="","",DATEDIF(I11,TODAY(),"Y")) -> 30 | K11: 3317083896 | L11: Manuel Santibañez, 3572, Col. Miguel Hidalgo | M11: 43074
B12: =IF(C12="","",D12&F12&COUNTIFS($D$4:D12,D12,$F$4:F12,F12)) -> MV2 | C12: Orellada Perez Dalila | D12: M | E12: SO | F12: V | G12: SÍ | H12: SÍ | I12: 25420 | J12: =IF(C12="","",DATEDIF(I12,TODAY(),"Y")) -> 56 | L12: Demostenes, 971, Col. Libertad | M12: 43078
B13: =IF(C13="","",D13&F13&COUNTIFS($D$4:D13,D13,$F$4:F13,F13)) -> MJ1 | C13: Martinez Pulido Maria | D13: M | E13: SO | F13: J | G13: SÍ | H13: SÍ | J13: =IF(C13="","",DATEDIF(I13,TODAY(),"Y")) -> 126 | K13: 3541080321 | L13: Presa Oviachic, 670-3, San Joaquin | M13: 43117 | N13: Los reyes, Michoacan
B14: =IF(C14="","",D14&F14&COUNTIFS($D$4:D14,D14,$F$4:F14,F14)) -> MS3 | C14: Pierrez Carillo Diana Jazmin | D14: M | E14: JU | F14: S | G14: SÍ | H14: SÍ | I14: 36527 | J14: =IF(C14="","",DATEDIF(I14,TODAY(),"Y")) -> 26 | K14: 3319996068 | L14: Presa Santa Rosa, 587-A, Lagos De Oriente | M14: 43115 | N14: 1 señoritas
B15: =IF(C15="","",D15&F15&COUNTIFS($D$4:D15,D15,$F$4:F15,F15)) -> MS4 | C15: Espinoza Meza Rebeca Sarai | D15: M | E15: JU | F15: S | G15: SÍ | H15: SÍ | I15: 37940 | J15: =IF(C15="","",DATEDIF(I15,TODAY(),"Y")) -> 22 | K15: 3311636973 | L15: Nazareth, 629, Hermosa Provincia | M15: 43103 | N15: 1 adolescentes
B16: =IF(C16="","",D16&F16&COUNTIFS($D$4:D16,D16,$F$4:F16,F16)) -> MV3 | C16: Rodriguez Alfaro Ana Margarita | D16: M | E16: CG | F16: V | G16: SÍ | H16: SÍ | I16: 24316 | J16: =IF(C16="","",DATEDIF(I16,TODAY(),"Y")) -> 59 | K16: 3313196310 | L16: Presa Solis, 3932-3, Lagos de Oriente | M16: 43103 | N16: 15 casadas
B17: =IF(C17="","",D17&F17&COUNTIFS($D$4:D17,D17,$F$4:F17,F17)) -> HV1 | C17: Ochoa Vargas Daniel | D17: H | E17: JU | F17: V | G17: SÍ | H17: SÍ | I17: 34213 | J17: =IF(C17="","",DATEDIF(I17,TODAY(),"Y")) -> 32 | K17: 3311316545 | M17: 43123 | N17: batallaon de comala colima
B18: =IF(C18="","",D18&F18&COUNTIFS($D$4:D18,D18,$F$4:F18,F18)) -> HS1 | C18: Flores Valencia Fines Edrei | D18: H | E18: JU | F18: S | G18: NO | H18: SÍ | I18: 37816 | J18: =IF(C18="","",DATEDIF(I18,TODAY(),"Y")) -> 22 | K18: 3331191945 | L18: Josefa Ortiz de Dominguez, | M18: 43128 | N18: carta pendiente
B19: =IF(C19="","",D19&F19&COUNTIFS($D$4:D19,D19,$F$4:F19,F19)) -> HJ2 | C19: Cuenca Ramirez Magdiel Dibai | D19: H | E19: JU | F19: J | G19: SÍ | H19: SÍ | I19: 33933 | J19: =IF(C19="","",DATEDIF(I19,TODAY(),"Y")) -> 33 | K19: 3318254382 | L19: Jardines Japoneses, 3537-A, Lagos de Oriente | M19: 43115 | N19: 4 jovenes
B20: =IF(C20="","",D20&F20&COUNTIFS($D$4:D20,D20,$F$4:F20,F20)) -> HD2 | C20: Bravo Santamaria Isaac Emanuel | D20: H | E20: JU | F20: D | G20: SÍ | H20: SÍ | I20: 36609 | J20: =IF(C20="","",DATEDIF(I20,TODAY(),"Y")) -> 26 | K20: 5537782007 | L20: Escalon,630, Lagos de Oriente | M20: 43107 | N20: carta entregada meses antes
B21: =IF(C21="","",D21&F21&COUNTIFS($D$4:D21,D21,$F$4:F21,F21)) -> HD3 | C21: Lechuga Oliva Naason Efrain | D21: H | E21: JU | F21: D | G21: SÍ | H21: SÍ | I21: 34395 | J21: =IF(C21="","",DATEDIF(I21,TODAY(),"Y")) -> 32 | K21: 3316717383 | L21: Telegrafistas, 3483, Hermosa Provincia | M21: 43101 | N21: las carolinas, Coahuila
B22: =IF(C22="","",D22&F22&COUNTIFS($D$4:D22,D22,$F$4:F22,F22)) -> MS5 | C22: Lesslie Ahumada Ibarra | D22: M | E22: JU | F22: S | G22: SÍ | H22: SÍ | I22: 35434 | J22: =IF(C22="","",DATEDIF(I22,TODAY(),"Y")) -> 29 | K22: 3318436092 | L22: Telegrafistas 3483 Col Hermosa Provincia | M22: 43162 | N22: Tecoman Colima
B23: =IF(C23="","",D23&F23&COUNTIFS($D$4:D23,D23,$F$4:F23,F23)) -> HV2 | C23: Naason Neiel Mares Osuna | D23: H | E23: JU | F23: V | G23: SÍ | H23: SÍ | I23: 37866 | J23: =IF(C23="","",DATEDIF(I23,TODAY(),"Y")) -> 22 | K23: 3317712426 | L23: Miguel Leon Portillo 1116 col San Francisco | M23: 43171 | N23: 2do de adolecentes
B24: =IF(C24="","",D24&F24&COUNTIFS($D$4:D24,D24,$F$4:F24,F24)) -> MS6 | C24: Clara Hernandez de Garcia | D24: M | E24: CG | F24: S | G24: SÍ | H24: SÍ | I24: 14848 | J24: =IF(C24="","",DATEDIF(I24,TODAY(),"Y")) -> 85 | K24: 3320749117 | L24: Demostenes 635 Col Libertad | M24: 43184 | N24: 18 casadas
B25: =IF(C25="","",D25&F25&COUNTIFS($D$4:D25,D25,$F$4:F25,F25)) -> HD4 | C25: Manjarrez Ayala Manuel | D25: H | E25: CG | F25: D | G25: SÍ | H25: SÍ | I25: 26167 | J25: =IF(C25="","",DATEDIF(I25,TODAY(),"Y")) -> 54 | K25: 3321892337 | L25: Emilio Rabaza 3923-13 col Jardines de San Francisco | M25: 04-ma-r18 | N25: 8vo casados
B26: =IF(C26="","",D26&F26&COUNTIFS($D$4:D26,D26,$F$4:F26,F26)) -> HD5 | C26: Calvillo Delgado Samuel | D26: H | E26: CM | F26: D | G26: SÍ | H26: SÍ | I26: 27033 | J26: =IF(C26="","",DATEDIF(I26,TODAY(),"Y")) -> 52 | K26: 3310197194 | L26: Turquia, 729, Col. Libertad | M26: 43198 | N26: Oaxaca de Juarez, P.E. Benjamin Chavez Joaquin
B27: =IF(C27="","",D27&F27&COUNTIFS($D$4:D27,D27,$F$4:F27,F27)) -> HMa2 | C27: García Aparicio Abisai | D27: H | E27: CC | F27: Ma | G27: SÍ | H27: SÍ | I27: 32944 | J27: =IF(C27="","",DATEDIF(I27,TODAY(),"Y")) -> 36 | K27: 3331815580 | L27: Presa Escondida, 3646, Col. Lagos de Oriente | M27: 43201 | N27: 2 de casados, David Pardo Rosales
B28: =IF(C28="","",D28&F28&COUNTIFS($D$4:D28,D28,$F$4:F28,F28)) -> HV3 | C28: Andrade Sanchez Pedro Joaquin | D28: H | E28: JU | F28: V | G28: SÍ | H28: SÍ | I28: 34217 | J28: =IF(C28="","",DATEDIF(I28,TODAY(),"Y")) -> 32 | L28: Demostenes, 520 | M28: 43201 | N28: Republica Dominicana, P.E. Ramiro Hernandez
B29: =IF(C29="","",D29&F29&COUNTIFS($D$4:D29,D29,$F$4:F29,F29)) -> MMa1 | C29: Serrano Garibay Beula Samir | D29: M | E29: JU | F29: Ma | G29: NO | H29: SÍ | I29: 37217 | J29: =IF(C29="","",DATEDIF(I29,TODAY(),"Y")) -> 24 | K29: 36080847 | L29: Jerusalen, 3550, Col. Hermosa Provincia | M29: 43193 | N29: sin carta
B30: =IF(C30="","",D30&F30&COUNTIFS($D$4:D30,D30,$F$4:F30,F30)) -> HMi1 | C30: Nava Larios Jocsan B. | D30: H | E30: JU | F30: Mi | G30: SÍ | H30: SÍ | I30: 38066 | J30: =IF(C30="","",DATEDIF(I30,TODAY(),"Y")) -> 22 | K30: 3318729482 | L30: Manuel Irigollen, 947, 2A. Secc. H P | M30: 43215 | N30: 2 adolescentes, Sergio Altamirano
B31: =IF(C31="","",D31&F31&COUNTIFS($D$4:D31,D31,$F$4:F31,F31)) -> HV4 | C31: Gongora Guardado Daniel | D31: H | E31: JU | F31: V | G31: SÍ | H31: SÍ | I31: 37975 | J31: =IF(C31="","",DATEDIF(I31,TODAY(),"Y")) -> 22 | L31: Jordan sur, 665, Hermosa Provincia | M31: 43203 | N31: 2 adolescentes, Sergio Altamirano
B32: =IF(C32="","",D32&F32&COUNTIFS($D$4:D32,D32,$F$4:F32,F32)) -> MD3 | C32: Castañeda Contreras Yolanda | D32: M | E32: JU | F32: D | G32: SÍ | H32: SÍ | I32: 34695 | J32: =IF(C32="","",DATEDIF(I32,TODAY(),"Y")) -> 31 | L32: Geografos, 680, Col. Lagos de Oriente | M32: 43177 | N32: 6 señoritas, Rosalisa Sosa
B33: =IF(C33="","",D33&F33&COUNTIFS($D$4:D33,D33,$F$4:F33,F33)) -> HS2 | C33: Herrera Rubio Angel Isaias | D33: H | E33: JU | F33: S | G33: SÍ | H33: SÍ | I33: 37932 | J33: =IF(C33="","",DATEDIF(I33,TODAY(),"Y")) -> 22 | K33: 3841171340 | L33: Genaro Garcia 3345, Miguel Hidalgo | M33: 43154 | N33: las vegas
B34: =IF(C34="","",D34&F34&COUNTIFS($D$4:D34,D34,$F$4:F34,F34)) -> MD4 | C34: Chavez Ubaldo Saudi | D34: M | E34: CM | F34: D | G34: SÍ | H34: SÍ | I34: 29849 | J34: =IF(C34="","",DATEDIF(I34,TODAY(),"Y")) -> 44 | K34: 3321715607 | L34: Pablo Valdez 4055, 2 seccion Hermosa Provincia | M34: 43131 | N34: 9 casadas, D. Yolanda Esparza
B35: =IF(C35="","",D35&F35&COUNTIFS($D$4:D35,D35,$F$4:F35,F35)) -> HD6 | C35: Segovia Manuel Antonio | D35: H | E35: SO | F35: D | G35: SÍ | H35: SÍ | I35: 28237 | J35: =IF(C35="","",DATEDIF(I35,TODAY(),"Y")) -> 49 | K35: no registro | M35: 43223 | N35: 2 solos, Abraham Vazquez Carcamo
B36: =IF(C36="","",D36&F36&COUNTIFS($D$4:D36,D36,$F$4:F36,F36)) -> HD7 | C36: Valencia Alegria Jonathan Abraham | D36: H | E36: JU | F36: D | G36: SÍ | H36: SÍ | I36: 38093 | J36: =IF(C36="","",DATEDIF(I36,TODAY(),"Y")) -> 22 | K36: 3331080997 | L36: Turquia, 639, Lagos de Oriente | M36: 43221 | N36: 2 adolescentes, Sergio Altamirano
B37: =IF(C37="","",D37&F37&COUNTIFS($D$4:D37,D37,$F$4:F37,F37)) -> MS7 | C37: Coronel Moreno Betsua | D37: M | E37: JU | F37: S | G37: SÍ | H37: SÍ | I37: 37395 | J37: =IF(C37="","",DATEDIF(I37,TODAY(),"Y")) -> 23 | K37: no registro | L37: Jerusalen 3488, Hermosa Provincia | M37: 43233 | N37: Teotlalco Veracruz, Enc. Alberto Coronel Morales
B38: =IF(C38="","",D38&F38&COUNTIFS($D$4:D38,D38,$F$4:F38,F38)) -> MJ2 | C38: Flores Moreno Ruth Areli | D38: M | E38: CC | F38: J | G38: SÍ | H38: SÍ | I38: 32379 | J38: =IF(C38="","",DATEDIF(I38,TODAY(),"Y")) -> 37 | K38: 3316330392 | L38: Canaan 3732, San Joaquin | M38: 43244 | N38: 6 casadas,
B39: =IF(C39="","",D39&F39&COUNTIFS($D$4:D39,D39,$F$4:F39,F39)) -> MS8 | C39: Guzmán Rodriguez Herziba Sabetai | D39: M | E39: JU | F39: S | G39: SÍ | H39: SÍ | I39: 38059 | J39: =IF(C39="","",DATEDIF(I39,TODAY(),"Y")) -> 22 | K39: no registro | L39: José Rosas Moreno 920, Miguel Hidalgo | M39: 43209
B40: =IF(C40="","",D40&F40&COUNTIFS($D$4:D40,D40,$F$4:F40,F40)) -> MS9 | C40: Mendoza Lara Sunem Areli | D40: M | E40: JU | F40: S | G40: SÍ | H40: SÍ | I40: 33898 | J40: =IF(C40="","",DATEDIF(I40,TODAY(),"Y")) -> 33 | L40: Jardines Japoneses | M40: 43269 | N40: Batallon
B41: =IF(C41="","",D41&F41&COUNTIFS($D$4:D41,D41,$F$4:F41,F41)) -> MMa2 | C41: Macias Alba Mara | D41: M | E41: CM | F41: Ma | G41: SÍ | H41: SÍ | J41: =IF(C41="","",DATEDIF(I41,TODAY(),"Y")) -> 126 | K41: 3312138088 | M41: 43257 | N41: 13 casadas D. Alma Zamora
B42: =IF(C42="","",D42&F42&COUNTIFS($D$4:D42,D42,$F$4:F42,F42)) -> MS10 | C42: Lidia Lopez Aquino | D42: M | E42: CM | F42: S | G42: SÍ | H42: SÍ | J42: =IF(C42="","",DATEDIF(I42,TODAY(),"Y")) -> 126 | M42: 43265 | N42: 10 Casadas Drucila Almaguer
B43: =IF(C43="","",D43&F43&COUNTIFS($D$4:D43,D43,$F$4:F43,F43)) -> HS3 | C43: Estrada Martin Jose | D43: H | E43: JU | F43: S | G43: SÍ | H43: NO | I43: 35199 | J43: =IF(C43="","",DATEDIF(I43,TODAY(),"Y")) -> 29 | K43: 3322357449 | L43: Jardín Botánico 3368, Lagos de Oriente | M43: 43138
B44: =IF(C44="","",D44&F44&COUNTIFS($D$4:D44,D44,$F$4:F44,F44)) -> MMa3 | C44: Rivas Hernández Abigail | D44: M | E44: CM | F44: Ma | G44: SÍ | H44: SÍ | I44: 25752 | J44: =IF(C44="","",DATEDIF(I44,TODAY(),"Y")) -> 55 | K44: 3339669158 | L44: Jerusalen 3531, Hermosa Provincia | M44: 43411 | N44: 13 casadas D. Alma Zamora de Joaquín
B45: =IF(C45="","",D45&F45&COUNTIFS($D$4:D45,D45,$F$4:F45,F45)) -> HMa3 | C45: Ramirez Peña Aminadad | D45: H | E45: JU | F45: Ma | G45: SÍ | H45: SÍ | I45: 37704 | J45: =IF(C45="","",DATEDIF(I45,TODAY(),"Y")) -> 23 | K45: 3317142185 | M45: 43290 | N45: 2 adolescentes EHP Sergio Altamirano Garcia
B46: =IF(C46="","",D46&F46&COUNTIFS($D$4:D46,D46,$F$4:F46,F46)) -> MS11 | C46: Contreras Castillo Sugey Elizabeth | D46: M | E46: CC | F46: S | G46: SÍ | H46: SÍ | I46: 34335 | J46: =IF(C46="","",DATEDIF(I46,TODAY(),"Y")) -> 32 | K46: 3314062964 | L46: Gaza 660, Col. Libertad | M46: 43298 | N46: 3 casadas EHP Rosalia Palomar Sotelo
B47: =IF(C47="","",D47&F47&COUNTIFS($D$4:D47,D47,$F$4:F47,F47)) -> MMi1 | C47: Toral Fragoso Noemi | D47: M | E47: CM | F47: Mi | G47: SÍ | H47: SÍ | I47: 28377 | J47: =IF(C47="","",DATEDIF(I47,TODAY(),"Y")) -> 48 | K47: 38013335 | L47: Sudan 1250, Col. Cuauhtemoc | M47: 43281 | N47: 11 casadas D. Eva Garcia
B48: =IF(C48="","",D48&F48&COUNTIFS($D$4:D48,D48,$F$4:F48,F48)) -> MMa4 | C48: Meza Diaz Milca | D48: M | E48: CM | F48: Ma | G48: SÍ | H48: SÍ | I48: 28309 | J48: =IF(C48="","",DATEDIF(I48,TODAY(),"Y")) -> 48 | K48: 3318441860 | L48: Getsemani 3649, San Joaquin | M48: 43315 | N48: 13 casadas D. Alma Zamora de Joaquín
B49: =IF(C49="","",D49&F49&COUNTIFS($D$4:D49,D49,$F$4:F49,F49)) -> HS4 | C49: Peña Rosas Ezequiel Abisai | D49: H | E49: JU | F49: S | G49: SÍ | H49: SÍ | I49: 35480 | J49: =IF(C49="","",DATEDIF(I49,TODAY(),"Y")) -> 29 | K49: 7771115331 | L49: Demostenes 752, Col. Libertad | M49: 43334 | N49: Batallon P.D. Ramiro Hernandez
B50: =IF(C50="","",D50&F50&COUNTIFS($D$4:D50,D50,$F$4:F50,F50)) -> HS5 | C50: Aramburo Jonathan | D50: H | E50: JU | F50: S | G50: SÍ | H50: SÍ | I50: 32746 | J50: =IF(C50="","",DATEDIF(I50,TODAY(),"Y")) -> 36 | M50: 43335 | N50: Batallon
B51: =IF(C51="","",D51&F51&COUNTIFS($D$4:D51,D51,$F$4:F51,F51)) -> HMa4 | C51: Elizalde Herrera Carlos | D51: H | E51: CG | F51: Ma | G51: SÍ | H51: SÍ | I51: 15131 | J51: =IF(C51="","",DATEDIF(I51,TODAY(),"Y")) -> 84 | K51: 3312610509 | L51: Jerusalen 3581, Col. Hermosa Provincia | M51: 43330 | N51: 2 solos EHP Abraham Vazquez Carcamo
B52: =IF(C52="","",D52&F52&COUNTIFS($D$4:D52,D52,$F$4:F52,F52)) -> MS12 | C52: López Escalante Tiara Rubí | D52: M | E52: JU | F52: S | G52: SÍ | H52: SÍ | I52: 34034 | J52: =IF(C52="","",DATEDIF(I52,TODAY(),"Y")) -> 33 | L52: Presa Oviachic 791, San Joaquin | M52: 43339 | N52: Batallon P.D. Ramiro Hernandez
B53: =IF(C53="","",D53&F53&COUNTIFS($D$4:D53,D53,$F$4:F53,F53)) -> HL1 | C53: Victorin Rosales Pedro | D53: H | E53: CM | F53: L | G53: SÍ | H53: SÍ | I53: 29963 | J53: =IF(C53="","",DATEDIF(I53,TODAY(),"Y")) -> 44 | K53: 3331572020 | L53: Elisa Flores 2152, Col. Mtro. Aaron Joaquin | M53: 43340 | N53: Antioch California, Enc. Gabriel Victorin Robles
B54: =IF(C54="","",D54&F54&COUNTIFS($D$4:D54,D54,$F$4:F54,F54)) -> MMi2 | C54: Hernández Quintana Sofía | D54: M | E54: CG | F54: Mi | G54: SÍ | H54: SÍ | I54: 21808 | J54: =IF(C54="","",DATEDIF(I54,TODAY(),"Y")) -> 66 | K54: 9341232365 | L54: Iran 846, Col. Cuauhtémoc | M54: 43347 | N54: 16 Casadas EHP Hayde Zamora Flores
B55: =IF(C55="","",D55&F55&COUNTIFS($D$4:D55,D55,$F$4:F55,F55)) -> MS13 | C55: Castro Coronado Betsua | D55: M | E55: JU | F55: S | G55: SÍ | H55: SÍ | I55: 34060 | J55: =IF(C55="","",DATEDIF(I55,TODAY(),"Y")) -> 33 | K55: 3320588638 | L55: Jordan 766, Col. Hermosa Provincia | M55: 43350 | N55: Batallon P.D. Ramiro Hernandez
B56: =IF(C56="","",D56&F56&COUNTIFS($D$4:D56,D56,$F$4:F56,F56)) -> HMi2 | C56: Angeles López Alan Uziel | D56: H | E56: JU | F56: Mi | G56: SÍ | H56: SÍ | I56: 37663 | J56: =IF(C56="","",DATEDIF(I56,TODAY(),"Y")) -> 23 | K56: 36084943 | L56: Santiago Guzman 1080, Col. Los Tulipanes | M56: 43355 | N56: 2 adolescentes EHP Sergio Altamirano Garcia
B57: =IF(C57="","",D57&F57&COUNTIFS($D$4:D57,D57,$F$4:F57,F57)) -> HMi3 | C57: García Gutierrez Hugo Iván | D57: H | E57: JU | F57: Mi | G57: SÍ | H57: SÍ | I57: 31407 | J57: =IF(C57="","",DATEDIF(I57,TODAY(),"Y")) -> 40 | K57: 3332019874 | L57: Dionisio Rodriguez 3810, Col. Jardines de San Francisco | M57: 43354 | N57: 5 jovenes EHP Pablo Gomez García
B58: =IF(C58="","",D58&F58&COUNTIFS($D$4:D58,D58,$F$4:F58,F58)) -> HS6 | C58: García Perez Desiderio | D58: H | E58: JU | F58: S | G58: SÍ | H58: SÍ | I58: 33152 | J58: =IF(C58="","",DATEDIF(I58,TODAY(),"Y")) -> 35 | K58: 3312345223 | L58: Hermosa Provincia | M58: 43363 | N58: Batallon P.D. Ramiro Hernandez
B59: =IF(C59="","",D59&F59&COUNTIFS($D$4:D59,D59,$F$4:F59,F59)) -> MMa5 | C59: Castillo Benitez Maria Virgina | D59: M | E59: SO | F59: Ma | G59: SÍ | H59: SÍ | I59: 17226 | J59: =IF(C59="","",DATEDIF(I59,TODAY(),"Y")) -> 79 | K59: 3320832018 Hijo | L59: Maria de los Angeles Reyes 4A, Col. Zalatitan, Tonala, Jalisco | M59: 43367 | N59: 6 Solas, EHP Marcela Lopez
B60: =IF(C60="","",D60&F60&COUNTIFS($D$4:D60,D60,$F$4:F60,F60)) -> HS7 | C60: Leon Hernandez Eliel | D60: H | E60: JU | F60: S | G60: SÍ | H60: SÍ | I60: 37775 | J60: =IF(C60="","",DATEDIF(I60,TODAY(),"Y")) -> 22 | L60: Canaan 3779, Col. San Joaquin | M60: 43370 | N60: 2 adolescentes EHP Sergio Altamirano Garcia
B61: =IF(C61="","",D61&F61&COUNTIFS($D$4:D61,D61,$F$4:F61,F61)) -> HD8 | C61: Johnson Davila Jibsam | D61: H | E61: JU | F61: D | G61: SÍ | H61: SÍ | I61: 35354 | J61: =IF(C61="","",DATEDIF(I61,TODAY(),"Y")) -> 29 | K61: 3317574932 | L61: Samaria 828, Hermosa Provincia | M61: 43370 | N61: Col. Guerrero, CDMX, O.E. Andres Rodriguez
B62: =IF(C62="","",D62&F62&COUNTIFS($D$4:D62,D62,$F$4:F62,F62)) -> HS8 | C62: Perez Hernandez Emerico Zuriel | D62: H | E62: JU | F62: S | G62: SÍ | H62: SÍ | I62: 37855 | J62: =IF(C62="","",DATEDIF(I62,TODAY(),"Y")) -> 22 | K62: 3317689470 | L62: Hacienda San Marcos 3518, San Jose Rio Verde | M62: 43371 | N62: 2 adolescentes EHP Sergio Altamirano Garcia
B63: =IF(C63="","",D63&F63&COUNTIFS($D$4:D63,D63,$F$4:F63,F63)) -> HJ3 | C63: Villeda Aldana Clemente | D63: H | E63: CG | F63: J | G63: SÍ | H63: SÍ | I63: 26626 | J63: =IF(C63="","",DATEDIF(I63,TODAY(),"Y")) -> 53 | K63: 3319937268 | L63: Nazareth, Col. Hermosa Provincia | M63: 43373 | N63: Ecatepec, Edo Mex, D.E. Fernando Larios Gomez
B64: =IF(C64="","",D64&F64&COUNTIFS($D$4:D64,D64,$F$4:F64,F64)) -> HD9 | C64: Garcia Guapillo Julian | D64: H | E64: CC | F64: D | G64: SÍ | H64: SÍ | I64: 31786 | J64: =IF(C64="","",DATEDIF(I64,TODAY(),"Y")) -> 39 | K64: 3331834285 | L64: Privada Belen 36B, Hermosa Provincia | M64: 43369 | N64: Batallon P.D. Ramiro Hernandez
B65: =IF(C65="","",D65&F65&COUNTIFS($D$4:D65,D65,$F$4:F65,F65)) -> HD10 | C65: Hernandez Isaias Alan | D65: H | E65: JU | F65: D | G65: SÍ | H65: SÍ | I65: 38129 | J65: =IF(C65="","",DATEDIF(I65,TODAY(),"Y")) -> 21 | L65: Jerusalen 3504, Col. Hermosa Provincia | M65: 43368 | N65: 1 adolescentes EHP Carlos Hernandez Larios
B66: =IF(C66="","",D66&F66&COUNTIFS($D$4:D66,D66,$F$4:F66,F66)) -> MD5 | C66: Ruiz Abarca Jahel Mehir | D66: M | E66: JU | F66: D | G66: SÍ | H66: SÍ | I66: 33559 | J66: =IF(C66="","",DATEDIF(I66,TODAY(),"Y")) -> 34 | K66: 3321163000 | L66: Belen 3432 int 2, Col. Hermosa Provincia | M66: 43375 | N66: Batallon P.D. Ramiro Hernandez
B67: =IF(C67="","",D67&F67&COUNTIFS($D$4:D67,D67,$F$4:F67,F67)) -> MD6 | C67: Vidal Vazquez Rebeca | D67: M | E67: SO | F67: D | G67: SÍ | H67: SÍ | I67: 22881 | J67: =IF(C67="","",DATEDIF(I67,TODAY(),"Y")) -> 63 | K67: 3316333155 | L67: Canaan 3575, Col. Hermosa Provincia | M67: 43376 | N67: 3 Solas HP. EHP Martha Lopez
B68: =IF(C68="","",D68&F68&COUNTIFS($D$4:D68,D68,$F$4:F68,F68)) -> HS9 | C68: Libonati Valdivia Joshua Abdiel | D68: H | E68: JU | F68: S | G68: SÍ | H68: SÍ | I68: 37804 | J68: =IF(C68="","",DATEDIF(I68,TODAY(),"Y")) -> 22 | K68: 3313369072 | L68: Gustavo Baz 3725, Col. Los Arrayanes | M68: 43376 | N68: 2 adolescentes EHP Sergio Altamirano Garcia
B69: =IF(C69="","",D69&F69&COUNTIFS($D$4:D69,D69,$F$4:F69,F69)) -> HMi4 | C69: Trujillo Toral Daniel Isai | D69: H | E69: JU | F69: Mi | G69: SÍ | H69: SÍ | I69: 37388 | J69: =IF(C69="","",DATEDIF(I69,TODAY(),"Y")) -> 23 | K69: 3310942269 | L69: Sudan 1250, Col. Cuauhtemoc | M69: 43377 | N69: 1 Jovenes EHP Daniel Coronado Pelayo
B70: =IF(C70="","",D70&F70&COUNTIFS($D$4:D70,D70,$F$4:F70,F70)) -> HD11 | C70: Estrada Martin Benjamín | D70: H | E70: JU | F70: D | G70: SÍ | H70: SÍ | I70: 37904 | J70: =IF(C70="","",DATEDIF(I70,TODAY(),"Y")) -> 22 | K70: 2781130373 | L70: Jardines Botanicos, Lagos de Oriente | M70: 43383 | N70: Carta pendiente
B71: =IF(C71="","",D71&F71&COUNTIFS($D$4:D71,D71,$F$4:F71,F71)) -> HMi5 | C71: Hernández Reyes Alonso | D71: H | E71: CG | F71: Mi | G71: SÍ | H71: SÍ | I71: 19661 | J71: =IF(C71="","",DATEDIF(I71,TODAY(),"Y")) -> 72 | K71: 9341232365 | L71: Iran 846, Col. Cuauhtémoc | M71: 43393 | N71: Carta pendiente
B72: =IF(C72="","",D72&F72&COUNTIFS($D$4:D72,D72,$F$4:F72,F72)) -> HV5 | C72: Jimenez Arguijo Jose Alferdo | D72: H | E72: CM | F72: V | G72: SÍ | H72: SÍ | I72: 31164 | J72: =IF(C72="","",DATEDIF(I72,TODAY(),"Y")) -> 40 | K72: 3327101057 | L72: Jardines De Babilonia, ? , Lagos De Oriente | M72: 43396 | N72: Batallon P.D. Ramiro Hernandez
B73: =IF(C73="","",D73&F73&COUNTIFS($D$4:D73,D73,$F$4:F73,F73)) -> MV4 | C73: Sanchez Cruz Keren | D73: M | E73: CC | F73: V | G73: SÍ | H73: SÍ | I73: 33619 | J73: =IF(C73="","",DATEDIF(I73,TODAY(),"Y")) -> 34 | K73: 3345938409 | L73: Jardines De Babilonia, ? , Lagos De Oriente | M73: 43396 | N73: Batallon P.D. Ramiro Hernandez
B74: =IF(C74="","",D74&F74&COUNTIFS($D$4:D74,D74,$F$4:F74,F74)) -> HS10 | C74: Cocolan Flores Uriel Azareel | D74: H | E74: JU | F74: S | G74: SÍ | H74: SÍ | I74: 37455 | J74: =IF(C74="","",DATEDIF(I74,TODAY(),"Y")) -> 23 | K74: 3326688116 | L74: Canaan 3732, San Joaquin | M74: 43433 | N74: 2 adolescentes EHP Sergio Altamirano Garcia
B75: =IF(C75="","",D75&F75&COUNTIFS($D$4:D75,D75,$F$4:F75,F75)) -> HD12 | C75: Rivas Martinez Hugo Cesar | D75: H | E75: JU | F75: D | G75: SÍ | H75: SÍ | I75: 34451 | J75: =IF(C75="","",DATEDIF(I75,TODAY(),"Y")) -> 31 | K75: 4271365698 | L75: Presa Sanalona 858, Hermosa Provincia | M75: 43419 | N75: Batallon P.D. Ramiro Hernandez
B76: =IF(C76="","",D76&F76&COUNTIFS($D$4:D76,D76,$F$4:F76,F76)) -> HMi6 | C76: Huerta Huerta Elias | D76: H | E76: SO | F76: Mi | G76: SÍ | H76: SÍ | I76: 18270 | J76: =IF(C76="","",DATEDIF(I76,TODAY(),"Y")) -> 76 | K76: 3311260190 | L76: Nazareth 784, Hermosa Provincia | M76: 43407 | N76: 2 solos EHP Abraham Vazquez Carcamo
B77: =IF(C77="","",D77&F77&COUNTIFS($D$4:D77,D77,$F$4:F77,F77)) -> HMi7 | C77: Rodriguez Solis Jorge Alberto | D77: H | E77: CG | F77: Mi | G77: SÍ | H77: SÍ | I77: 26758 | J77: =IF(C77="","",DATEDIF(I77,TODAY(),"Y")) -> 53 | K77: 3318927860 | L77: Presa Osorio, Hermosa Provincia | M77: 43405 | N77: 8 Casados, EHP Juan Antonio de la Cruz
... B81: =IF(C81="","",D81&F81&COUNTIFS($D$4:D81,D81,$F$4:F81,F81)) -> HL2 | C81: Acevedo Lopez Jairo de Jesus | D81: H | E81: CG | F81: L | G81: SÍ | H81: SÍ | I81: 20188 | J81: =IF(C81="","",DATEDIF(I81,TODAY(),"Y")) -> 71 | K81: 3322199062 | L81: Presa Oviachic 790, San Joaquin | M81: 43434 | N81: 12 Casados, EHP Carlos Ramos Castillon
B82: =IF(C82="","",D82&F82&COUNTIFS($D$4:D82,D82,$F$4:F82,F82)) -> HS11 | C82: Quiroz Rosales Eliseo | D82: H | E82: CM | F82: S | G82: SÍ | H82: SÍ | I82: 25733 | J82: =IF(C82="","",DATEDIF(I82,TODAY(),"Y")) -> 55 | K82: 3313459350 | L82: Jesus Urueta, Cuauhtemoc | M82: 43435
B83: =IF(C83="","",D83&F83&COUNTIFS($D$4:D83,D83,$F$4:F83,F83)) -> ML1 | C83: Corona Cervantes Alejandra | D83: M | E83: JU | F83: L | G83: NO | H83: SÍ | I83: 36182 | J83: =IF(C83="","",DATEDIF(I83,TODAY(),"Y")) -> 27 | K83: 3321658098 | L83: Bolaños 918, Col. Insurgentes | M83: 43437 | N83: No carta
B84: =IF(C84="","",D84&F84&COUNTIFS($D$4:D84,D84,$F$4:F84,F84)) -> ML2 | C84: González Flores Noemí | D84: M | E84: CC | F84: L | G84: SÍ | H84: SÍ | I84: 33908 | J84: =IF(C84="","",DATEDIF(I84,TODAY(),"Y")) -> 33 | K84: 3322514509 | L84: Magistrados 633, Lagos de Oriente | M84: 43437 | N84: 3 casadas EHP Rosalia Palomar Sotelo
B85: =IF(C85="","",D85&F85&COUNTIFS($D$4:D85,D85,$F$4:F85,F85)) -> HV7 | C85: Von Arx Esteban José Manuel | D85: H | E85: JU | F85: V | G85: SÍ | H85: SÍ | I85: 34722 | J85: =IF(C85="","",DATEDIF(I85,TODAY(),"Y")) -> 31 | K85: 4915210462801 | L85: Pablo Valdez 3247, int.3,Cuahutemoc | M85: 43441 | N85: Batallon P.D. Ramiro Hernandez
B86: =IF(C86="","",D86&F86&COUNTIFS($D$4:D86,D86,$F$4:F86,F86)) -> MS14 | C86: Vazquez Marquez Dilean Sismai | D86: M | E86: JU | F86: S | G86: SÍ | H86: SÍ | I86: 38274 | J86: =IF(C86="","",DATEDIF(I86,TODAY(),"Y")) -> 21 | K86: 3324606810 | L86: Canaan 3553, Hermosa Provincia | M86: 43428 | N86: 2 Adolescentes, EHP Ibleam Nebaí Zamora Almaguer
B87: =IF(C87="","",D87&F87&COUNTIFS($D$4:D87,D87,$F$4:F87,F87)) -> MS15 | C87: De la Rosa Riu Dara Sunem | D87: M | E87: JU | F87: S | G87: SÍ | H87: SÍ | I87: 38278 | J87: =IF(C87="","",DATEDIF(I87,TODAY(),"Y")) -> 21 | K87: 33-18-71-18-31 | L87: Arquimedes 520, Hermosa Provincia | M87: 43434 | N87: 2 Adolescentes, EHP Ibleam Nebaí Zamora Almaguer
B88: =IF(C88="","",D88&F88&COUNTIFS($D$4:D88,D88,$F$4:F88,F88)) -> HS12 | C88: Abarca Chavez Ruben Salvador | D88: H | E88: JU | F88: S | G88: SÍ | H88: SÍ | I88: 37481 | J88: =IF(C88="","",DATEDIF(I88,TODAY(),"Y")) -> 23 | K88: 3316472226 | L88: Santiago Guzman 1314, Beatriz Hernandez | M88: 43468 | N88: 2 adolescentes EHP Sergio Altamirano Garcia
B89: =IF(C89="","",D89&F89&COUNTIFS($D$4:D89,D89,$F$4:F89,F89)) -> MS16 | C89: Coronel Moreno Betsua | D89: M | E89: JU | F89: S | G89: SÍ | H89: SÍ | I89: 37395 | J89: =IF(C89="","",DATEDIF(I89,TODAY(),"Y")) -> 23 | K89: 3311522115 | L89: Jerusalen 3488, Hermosa Provincia | M89: 43469 | N89: Nochistlan, Oaxaca, Enc. Alberto Coronel Morales
B90: =IF(C90="","",D90&F90&COUNTIFS($D$4:D90,D90,$F$4:F90,F90)) -> HMa5 | C90: Diaz de León Carrillo Misael | D90: H | E90: JU | F90: Ma | G90: SÍ | H90: SÍ | I90: 30840 | J90: =IF(C90="","",DATEDIF(I90,TODAY(),"Y")) -> 41 | L90: Telegrafistas 3480A, Hermosa Provincia | M90: 43471 | N90: Batallon P.D. Ramiro Hernandez
B91: =IF(C91="","",D91&F91&COUNTIFS($D$4:D91,D91,$F$4:F91,F91)) -> ML3 | C91: Ortiz Rivera Yolanda | D91: M | E91: CG | F91: L | G91: SÍ | H91: SÍ | I91: 22869 | J91: =IF(C91="","",DATEDIF(I91,TODAY(),"Y")) -> 63 | K91: 74490904165 | L91: Belen 3443, Hermosa Provincia | M91: 43472 | N91: 16 Casadas EHP María del Carmen Abarca Hernandez
B92: =IF(C92="","",D92&F92&COUNTIFS($D$4:D92,D92,$F$4:F92,F92)) -> MS17 | C92: Raiz Tejeda Dulce Jazmin Ismerai | D92: M | E92: JU | F92: S | G92: SÍ | H92: SÍ | I92: 36926 | J92: =IF(C92="","",DATEDIF(I92,TODAY(),"Y")) -> 25 | K92: 3221026048 | L92: Canaan 3525, Hermosa Provincia | M92: 43479 | N92: 1 Señoritas EHP Beth-birai Hernández Sosa
B93: =IF(C93="","",D93&F93&COUNTIFS($D$4:D93,D93,$F$4:F93,F93)) -> MS18 | C93: Zamora Nuñez Mara Elizabeth | D93: M | E93: SO | F93: S | G93: SÍ | H93: SÍ | I93: 25294 | J93: =IF(C93="","",DATEDIF(I93,TODAY(),"Y")) -> 57 | K93: 3312523111 | L93: Jordan 675, Hermosa Provincia | M93: 43479 | N93: 2 Solas, EHP Abigail Lechuga Orozco
B94: =IF(C94="","",D94&F94&COUNTIFS($D$4:D94,D94,$F$4:F94,F94)) -> MD8 | C94: Ramirez Gomez Miriam Abigail | D94: M | E94: CM | F94: D | G94: SÍ | H94: SÍ | I94: 31275 | J94: =IF(C94="","",DATEDIF(I94,TODAY(),"Y")) -> 40 | K94: 3374585946 | L94: Manuel de Goroztiza 3687, San Francisco | M94: 43480 | N94: 7 Casadas EHP Delia Utrera Dominguez
B95: =IF(C95="","",D95&F95&COUNTIFS($D$4:D95,D95,$F$4:F95,F95)) -> MV5 | C95: Estrada Martin Magdalena | D95: M | E95: CC | F95: V | G95: SÍ | H95: SÍ | I95: 34660 | J95: =IF(C95="","",DATEDIF(I95,TODAY(),"Y")) -> 31 | K95: 3326570250 | L95: Jardin Botanico 3368, Lagos de Oriente | M95: 43480 | N95: 3 casadas EHP Rosalia Palomar Soltelo
B96: =IF(C96="","",D96&F96&COUNTIFS($D$4:D96,D96,$F$4:F96,F96)) -> HV8 | C96: Salazar Gonzalez Juan | D96: H | E96: JU | F96: V | G96: SÍ | H96: SÍ | I96: 32674 | J96: =IF(C96="","",DATEDIF(I96,TODAY(),"Y")) -> 36 | K96: 3317888059 | L96: Jardines Japoneses 3336, Lagos de Oriente | M96: 43480 | N96: 5 jovenes EHP Pablo Gomez García
B97: =IF(C97="","",D97&F97&COUNTIFS($D$4:D97,D97,$F$4:F97,F97)) -> MS19 | C97: Ayala Alonso Yannet | D97: M | E97: CC | F97: S | G97: SÍ | H97: SÍ | I97: 34283 | J97: =IF(C97="","",DATEDIF(I97,TODAY(),"Y")) -> 32 | K97: 3323201186 | L97: Presa Modelo 583, Lagos de Oriente | M97: 43481 | N97: 3 casadas EHP Rosalia Palomar Soltelo
B98: =IF(C98="","",D98&F98&COUNTIFS($D$4:D98,D98,$F$4:F98,F98)) -> HD13 | C98: Carranza Orendain Giessi Merari | D98: H | E98: CM | F98: D | G98: SÍ | H98: SÍ | I98: 27500 | J98: =IF(C98="","",DATEDIF(I98,TODAY(),"Y")) -> 51 | K98: 3311072313 | L98: Jerico 802-6, Hermosa Provincia | M98: 43481 | N98: 6 casados EHP Placido Perez Silva
B99: =IF(C99="","",D99&F99&COUNTIFS($D$4:D99,D99,$F$4:F99,F99)) -> HV9 | C99: Ramos Peña Pedro | D99: H | E99: CG | F99: V | G99: SÍ | H99: SÍ | I99: 20980 | J99: =IF(C99="","",DATEDIF(I99,TODAY(),"Y")) -> 68 | K99: 7442088566 | L99: Gaza 666, Hermosa Provincia | M99: 43486 | N99: 12 Casados, EHP Carlos Ramos Castillon
B100: =IF(C100="","",D100&F100&COUNTIFS($D$4:D100,D100,$F$4:F100,F100)) -> HS13 | C100: Noriega Mercado Heber Atlai | D100: H | E100: JU | F100: S | G100: SÍ | H100: SÍ | I100: 35464 | J100: =IF(C100="","",DATEDIF(I100,TODAY(),"Y")) -> 29 | K100: 3328642963 | M100: 43487
B101: =IF(C101="","",D101&F101&COUNTIFS($D$4:D101,D101,$F$4:F101,F101)) -> MV6 | C101: García Peredo Nadia Angelica | D101: M | E101: CM | F101: V | G101: SÍ | H101: SÍ | I101: 31353 | J101: =IF(C101="","",DATEDIF(I101,TODAY(),"Y")) -> 40 | K101: 3322966475 | L101: Canaan 3539, Hermosa Provincia | M101: 43488 | N101: 7 Casadas EHP Delia Utrera Dominguez
B102: =IF(C102="","",D102&F102&COUNTIFS($D$4:D102,D102,$F$4:F102,F102)) -> MJ3 | C102: García Olivares Libni | D102: M | E102: CC | F102: J | G102: SÍ | H102: SÍ | I102: 34231 | J102: =IF(C102="","",DATEDIF(I102,TODAY(),"Y")) -> 32 | K102: 3333631107 | L102: Betlehem 3374 | M102: 43489 | N102: 3 Casadas EHP D. Yolanda Esparza
B103: =IF(C103="","",D103&F103&COUNTIFS($D$4:D103,D103,$F$4:F103,F103)) -> HMi8 | C103: Mejía Leal Gerzon Alejandro | D103: H | E103: JU | F103: Mi | G103: SÍ | H103: SÍ | I103: 38362 | J103: =IF(C103="","",DATEDIF(I103,TODAY(),"Y")) -> 21 | K103: 3310848989 | L103: Presa Sanalona 722, San Joaquin | M103: 43495 | N103: 1 adolescentes EHP Carlos Hernandez Larios
B104: =IF(C104="","",D104&F104&COUNTIFS($D$4:D104,D104,$F$4:F104,F104)) -> HMa6 | C104: Muñoz Chantres José Manuel | D104: H | E104: CG | F104: Ma | G104: SÍ | H104: SÍ | I104: 23885 | J104: =IF(C104="","",DATEDIF(I104,TODAY(),"Y")) -> 60 | K104: 3321903648 | L104: Jordan Nte. 739, Hermosa Provincia | M104: 43496 | N104: Obra de Chiapas
...

Sheet Bajas
C1: ="Total: "&SUBTOTAL(3,$C$4:$C$39) -> Total: 36 | G1: =434-37+7 -> 404
A3: No. | B3: Llave | C3: N O M B R E | D3: G | E3: E.C. | F3: DIA | G3: CARTA | H3: REG. | I3: F. NAC. | J3: EDAD | K3: TEL. | L3: DIRECCION | M3: Mes de Baja | N3: OBS.
A4: =IF(D4="","",COUNTA($D$4:D4)) -> 1 | B4: =IF(C4="","",D4&F4&COUNTIFS($D$4:D4,D4,$F$4:F4,F4)) -> MB1 | C4: Jaramillo Zapata Ofir Esther | D4: M | E4: CM | F4: B | G4: SÍ | H4: SÍ | I4: 26724 | J4: =IF(C4="","",DATEDIF(I4,TODAY(),"Y")) -> 53 | K4: 3321305852 | L4: Etiopia, 808-A, Col. Cuahutemoc. | M4: octubre | N4: 13 casadas HP
A5: =IF(D5="","",COUNTA($D$4:D5)) -> 2 | B5: =IF(C5="","",D5&F5&COUNTIFS($D$4:D5,D5,$F$4:F5,F5)) -> MB2 | C5: Morales Santiago Elizabeth | D5: M | E5: JU | F5: B | G5: SÍ | J5: =IF(C5="","",DATEDIF(I5,TODAY(),"Y")) -> 126 | M5: octubre | N5: 3 de señoritas hp
A6: =IF(D6="","",COUNTA($D$4:D6)) -> 3 | B6: =IF(C6="","",D6&F6&COUNTIFS($D$4:D6,D6,$F$4:F6,F6)) -> HB1 | C6: Mendoza Rodríguez Salomón | D6: H | E6: CM | F6: B | G6: SÍ | H6: SÍ | I6: 26666 | J6: =IF(C6="","",DATEDIF(I6,TODAY(),"Y")) -> 53 | K6: 3334090315 | L6: Río Agua Naval, 1775, Urbi Quinta, Ton. | M6: octubre | N6: iglesia urbi
A7: =IF(D7="","",COUNTA($D$4:D7)) -> 4 | B7: =IF(C7="","",D7&F7&COUNTIFS($D$4:D7,D7,$F$4:F7,F7)) -> HB2 | C7: Calderón Cano Felipe | D7: H | E7: CG | F7: B | G7: SÍ | H7: SÍ | I7: 24143 | J7: =IF(C7="","",DATEDIF(I7,TODAY(),"Y")) -> 60 | K7: 3310730329 | L7: Gustavo Baz, 3728, Sn. Joaquin | M7: octubre | N7: DD
A8: =IF(D8="","",COUNTA($D$4:D8)) -> 5 | B8: =IF(C8="","",D8&F8&COUNTIFS($D$4:D8,D8,$F$4:F8,F8)) -> HB3 | C8: Barba Herrera Pedro | D8: H | E8: SO | F8: B | G8: SÍ | H8: SÍ | I8: 27422 | J8: =IF(C8="","",DATEDIF(I8,TODAY(),"Y")) -> 51 | K8: 3315513498 | L8: Canaan, 3491, Hermosa Provincia | M8: octubre | N8: puebla
A9: =IF(D9="","",COUNTA($D$4:D9)) -> 6 | B9: =IF(C9="","",D9&F9&COUNTIFS($D$4:D9,D9,$F$4:F9,F9)) -> HB4 | C9: Francisco López Job Isaac | D9: H | E9: JU | F9: B | G9: SÍ | H9: SÍ | I9: 36900 | J9: =IF(C9="","",DATEDIF(I9,TODAY(),"Y")) -> 25 | K9: 3314177458 | L9: SaMaría, 987, Hermosa Provincia | M9: octubre | N9: 1 jovenes
A10: =IF(D10="","",COUNTA($D$4:D10)) -> 7 | B10: =IF(C10="","",D10&F10&COUNTIFS($D$4:D10,D10,$F$4:F10,F10)) -> HB5 | C10: Pérez Martínez Abner | D10: H | E10: SO | F10: B | G10: SÍ | H10: SÍ | I10: 30430 | J10: =IF(C10="","",DATEDIF(I10,TODAY(),"Y")) -> 43 | K10: 3311257608 | L10: Arquimides, 640, Hermosa Provincia | M10: noviembre | N10: 4 casados ivan urrutia
A11: =IF(D11="","",COUNTA($D$4:D11)) -> 8 | B11: =IF(C11="","",D11&F11&COUNTIFS($D$4:D11,D11,$F$4:F11,F11)) -> HB6 | C11: Muñoz Onofre Daniel | D11: H | E11: CG | F11: B | G11: SÍ | H11: SÍ | I11: 12256 | J11: =IF(C11="","",DATEDIF(I11,TODAY(),"Y")) -> 92 | K11: 33330740 | L11: Esteban Alatorre,3376-11-A, Hermosa P | M11: noviembre | N11: durmio
A12: =IF(D12="","",COUNTA($D$4:D12)) -> 9 | B12: =IF(C12="","",D12&F12&COUNTIFS($D$4:D12,D12,$F$4:F12,F12)) -> MB3 | C12: Camacho Madrid Ma. Delia | D12: M | E12: SO | F12: B | G12: SÍ | H12: SÍ | I12: 20335 | J12: =IF(C12="","",DATEDIF(I12,TODAY(),"Y")) -> 70 | K12: 3511431661 | L12: SaMaría, 820, Hermosa Provincia | M12: noviembre | N12: michoacan por indicacion del Encargado
A13: =IF(D13="","",COUNTA($D$4:D13)) -> 10 | B13: =IF(C13="","",D13&F13&COUNTIFS($D$4:D13,D13,$F$4:F13,F13)) -> MB4 | C13: Mejía Estrada Elizabeth | D13: M | E13: CM | F13: B | G13: SÍ | H13: SÍ | I13: 28303 | J13: =IF(C13="","",DATEDIF(I13,TODAY(),"Y")) -> 48 | K13: 3312470335 | L13: Pablo Valdez, S/N Col. Libertad | M13: noviembre | N13: por indicacion del encargado
A14: =IF(D14="","",COUNTA($D$4:D14)) -> 11 | B14: =IF(C14="","",D14&F14&COUNTIFS($D$4:D14,D14,$F$4:F14,F14)) -> MB5 | C14: Silverio Flores Raquel | D14: M | E14: CM | F14: B | G14: SÍ | H14: SÍ | I14: 28008 | J14: =IF(C14="","",DATEDIF(I14,TODAY(),"Y")) -> 49 | K14: 3311766639 | L14: Educadores, 747, Lagos De Oriente. | M14: noviembre | N14: bethel
A15: =IF(D15="","",COUNTA($D$4:D15)) -> 12 | B15: =IF(C15="","",D15&F15&COUNTIFS($D$4:D15,D15,$F$4:F15,F15)) -> HB7 | C15: García Espinoza José Alberto | D15: H | E15: CM | F15: B | G15: SÍ | H15: SÍ | I15: 29242 | J15: =IF(C15="","",DATEDIF(I15,TODAY(),"Y")) -> 46 | K15: 3317048266 | L15: Educadores, 747, Lagos De Oriente | M15: noviembre | N15: bethel
A16: =IF(D16="","",COUNTA($D$4:D16)) -> 13 | B16: =IF(C16="","",D16&F16&COUNTIFS($D$4:D16,D16,$F$4:F16,F16)) -> HB8 | C16: Illescas Medina Gabriel | D16: H | E16: CM | F16: B | G16: SÍ | H16: SÍ | I16: 30805 | J16: =IF(C16="","",DATEDIF(I16,TODAY(),"Y")) -> 41 | K16: 3320581284 | L16: 2372-A Col. Libertad | M16: 43101 | N16: obra en Alemania
A17: =IF(D17="","",COUNTA($D$4:D17)) -> 14 | B17: =IF(C17="","",D17&F17&COUNTIFS($D$4:D17,D17,$F$4:F17,F17)) -> MB6 | C17: Coronado Hernandez Betsaida | D17: M | E17: CC | F17: B | G17: SÍ | H17: SÍ | I17: 31952 | J17: =IF(C17="","",DATEDIF(I17,TODAY(),"Y")) -> 38 | K17: 3314895765 | L17: Jerico, 797-A,Hermosa Provincia | M17: 43101 | N17: obra en Alemania
A18: =IF(D18="","",COUNTA($D$4:D18)) -> 15 | B18: =IF(C18="","",D18&F18&COUNTIFS($D$4:D18,D18,$F$4:F18,F18)) -> MB7 | C18: Orellana Perez Dalila | D18: M | E18: SO | F18: B | G18: SÍ | H18: SÍ | I18: 25420 | J18: =IF(C18="","",DATEDIF(I18,TODAY(),"Y")) -> 56 | L18: Demostenes, 971, Col. Libertad | M18: 43101 | N18: Guayabitos, Tlaquepaque
A19: =IF(D19="","",COUNTA($D$4:D19)) -> 16 | B19: =IF(C19="","",D19&F19&COUNTIFS($D$4:D19,D19,$F$4:F19,F19)) -> HB9 | C19: Dubon Jose Oscar | D19: H | E19: CG | F19: B | G19: SÍ | H19: NO | I19: 20552 | J19: =IF(C19="","",DATEDIF(I19,TODAY(),"Y")) -> 70 | L19: Telegrafistas, 173, Lagos de Oriente | M19: 42979
A20: =IF(D20="","",COUNTA($D$4:D20)) -> 17 | C20: Alegria Serrano Aram | D20: H | E20: JU | F20: B | G20: NO | H20: SÍ | I20: 37258 | J20: =IF(C20="","",DATEDIF(I20,TODAY(),"Y")) -> 24 | K20: 3331385646 | L20: Esbirna, 4007-A,Bethel | M20: 43132 | N20: Bethel
A21: =IF(D21="","",COUNTA($D$4:D21)) -> 18 | C21: Guerra Salgado Miguel | D21: H | E21: JU | F21: B | G21: SÍ | H21: SÍ | I21: 36865 | J21: =IF(C21="","",DATEDIF(I21,TODAY(),"Y")) -> 25 | K21: 3339057472 | L21: Getzemani, 3518, Hermosa Provincia | M21: 43132 | N21: 1er Jovenes
A22: =IF(D22="","",COUNTA($D$4:D22)) -> 19 | C22: Ferrusca García Irene | D22: M | E22: SO | F22: B | G22: SÍ | H22: SÍ | I22: 31226 | J22: =IF(C22="","",DATEDIF(I22,TODAY(),"Y")) -> 40 | K22: 3317810760 | L22: Arquimides, 780, Hermosa Provincia | M22: 43132 | N22: P.E Adan armenta col san cayetano pachuca Hidalgo
A23: =IF(D23="","",COUNTA($D$4:D23)) -> 20 | C23: Vázquez Calvillo Uziel | D23: H | E23: JU | F23: B | G23: SÍ | H23: SÍ | I23: 37138 | J23: =IF(C23="","",DATEDIF(I23,TODAY(),"Y")) -> 24 | K23: 55.7063.5632 | L23: Cirujanos 533, Lagos De Oriente | M23: 43132 | N23: D D
A24: =IF(D24="","",COUNTA($D$4:D24)) -> 21 | C24: López López Argenis | D24: H | E24: CC | F24: B | G24: SÍ | H24: SÍ | I24: 34162 | J24: =IF(C24="","",DATEDIF(I24,TODAY(),"Y")) -> 32 | K24: 3320681505 | L24: Nazaret 635, Lagos De Oriente | M24: 43132 | N24: D D
A25: =IF(D25="","",COUNTA($D$4:D25)) -> 22 | C25: Arenas González Abdiel | D25: H | E25: JU | F25: B | G25: SÍ | H25: SÍ | I25: 36515 | J25: =IF(C25="","",DATEDIF(I25,TODAY(),"Y")) -> 26 | K25: 36041152 | L25: Cirujanos, 679, Lagos De Oriente. | M25: 43132 | N25: D D
A26: =IF(D26="","",COUNTA($D$4:D26)) -> 23 | C26: Hernández Parra Brisia Paola | D26: M | E26: CM | F26: B | G26: SÍ | H26: SÍ | I26: 30977 | J26: =IF(C26="","",DATEDIF(I26,TODAY(),"Y")) -> 41 | K26: 3331817950 | L26: Presa Valsequillo, 776, Col. San Joaquin | M26: 43132 | N26: D D
A27: =IF(D27="","",COUNTA($D$4:D27)) -> 24 | C27: Flores Victoria | D27: M | E27: SO | F27: B | G27: SÍ | H27: SÍ | I27: 17956 | J27: =IF(C27="","",DATEDIF(I27,TODAY(),"Y")) -> 77 | K27: 3310051031 | L27: Canaan 3642, San Joaquin | M27: 43132 | N27: El Salvador
A28: =IF(D28="","",COUNTA($D$4:D28)) -> 25 | C28: Silva Morales Martha Elva | D28: M | E28: SO | F28: Mi | G28: SÍ | H28: SÍ | I28: 17644 | J28: =IF(C28="","",DATEDIF(I28,TODAY(),"Y")) -> 78 | K28: 36980023 | L28: Canaan,3508,Hermosa Provincia | M28: 43132 | N28: tapachula chiapas
A29: =IF(D29="","",COUNTA($D$4:D29)) -> 26 | C29: Delgado Blanco Mara | D29: M | E29: CG | F29: B | G29: SÍ | H29: SÍ | I29: 20606 | J29: =IF(C29="","",DATEDIF(I29,TODAY(),"Y")) -> 69 | K29: 3317917891 | L29: Gustavo Baz,3411, Miguel Hidalgo | M29: 43132 | N29: D D
A30: =IF(D30="","",COUNTA($D$4:D30)) -> 27 | C30: Ramires Mejia Figlodervina | D30: M | E30: CG | F30: B | G30: SÍ | H30: NO | I30: 19874 | J30: =IF(C30="","",DATEDIF(I30,TODAY(),"Y")) -> 71 | L30: Telegrafistas, 173, Lagos de Oriente | M30: 43132 | N30: D D
A31: =IF(D31="","",COUNTA($D$4:D31)) -> 28 | C31: Aguilera Salas Adalia Quiriabeth | D31: M | E31: CC | F31: B | G31: SÍ | H31: SÍ | I31: 33129 | J31: =IF(C31="","",DATEDIF(I31,TODAY(),"Y")) -> 35 | K31: 3313833507 | L31: Jardin Botanico,3490,Lagos de Oriente | M31: 43132 | N31: D D
A32: =IF(D32="","",COUNTA($D$4:D32)) -> 29 | C32: Martínez Robles Amsi Elizabeth | D32: M | E32: JU | F32: B | G32: SÍ | H32: SÍ | I32: 35893 | J32: =IF(C32="","",DATEDIF(I32,TODAY(),"Y")) -> 28 | K32: 3321782248 | L32: Canaan,, 3465, Hermosa Provincia | M32: 43132 | N32: Gpo señoritas
A33: =IF(D33="","",COUNTA($D$4:D33)) -> 30 | C33: Ávalos Nuila Sayri | D33: M | E33: JU | F33: B | G33: SÍ | H33: SÍ | I33: 36740 | J33: =IF(C33="","",DATEDIF(I33,TODAY(),"Y")) -> 25 | K33: 3315701826 | L33: Esteban Alatorre, 3331, Hermosa Provincia | M33: 43132 | N33: Canada
A34: =IF(D34="","",COUNTA($D$4:D34)) -> 31 | C34: Muñoz Sánchez Luz Elizabeth | D34: M | E34: JU | F34: B | G34: SÍ | H34: SÍ | I34: 34370 | J34: =IF(C34="","",DATEDIF(I34,TODAY(),"Y")) -> 32 | K34: 3311491425 | L34: Presa Laurel, 146, Tetlan | M34: 43132 | N34: Gpo señoritas
A35: =IF(D35="","",COUNTA($D$4:D35)) -> 32 | C35: Orizaba Ramírez Abigail | D35: M | E35: JU | F35: B | G35: SÍ | H35: SÍ | I35: 35073 | J35: =IF(C35="","",DATEDIF(I35,TODAY(),"Y")) -> 30 | K35: 3313078144 | L35: Privada De Belen, 99, Hermosa Provincia | M35: 43132 | N35: Gpo señoritas
A36: =IF(D36="","",COUNTA($D$4:D36)) -> 33 | C36: Trujillo Hernández Betsua | D36: M | E36: JU | F36: B | G36: SÍ | H36: SÍ | I36: 36127 | J36: =IF(C36="","",DATEDIF(I36,TODAY(),"Y")) -> 27 | K36: 3320919161 | L36: Real Del Mezquites, ?, Camichines Tonala | M36: 43132 | N36: D D
A37: =IF(D37="","",COUNTA($D$4:D37)) -> 34 | C37: Trujillo Hernández Libni | D37: M | E37: CC | F37: B | G37: SÍ | I37: 32896 | J37: =IF(C37="","",DATEDIF(I37,TODAY(),"Y")) -> 36 | K37: 3319422219 | L37: Jordan 770-A col hermosa provincia | M37: 43132 | N37: D D
A38: =IF(D38="","",COUNTA($D$4:D38)) -> 35 | B38: =IF(C38="","",D38&F38&COUNTIFS($D$4:D38,D38,$F$4:F38,F38)) -> HMi1 | C38: Núñez Larios Daniel Benjamín | D38: H | E38: JU | F38: Mi | G38: SÍ | H38: SÍ | I38: 35535 | J38: =IF(C38="","",DATEDIF(I38,TODAY(),"Y")) -> 29 | K38: 3317927906 | L38: Jordan, 655, Hermosa Provincia | M38: 43160 | N38: 3er jovenes
A39: =IF(D39="","",COUNTA($D$4:D39)) -> 36 | B39: =IF(C39="","",D39&F39&COUNTIFS($D$4:D39,D39,$F$4:F39,F39)) -> HS1 | C39: Vázquez Vargas Jesse Kibsaim | D39: H | E39: JU | F39: S | G39: SÍ | H39: SÍ | I39: 36666 | J39: =IF(C39="","",DATEDIF(I39,TODAY(),"Y")) -> 25 | K39: 3335592703 | L39: Telegrafistas, 3377, Lagos De Oriente | M39: 43160
A40: =IF(D40="","",COUNTA($D$4:D40)) -> 37 | B40: =IF(C40="","",D40&F40&COUNTIFS($D$4:D40,D40,$F$4:F40,F40)) -> MMi2 | C40: Núñez Larios Salma Betsabé | D40: M | E40: JU | F40: Mi | G40: SÍ | H40: SÍ | I40: 35030 | J40: =IF(C40="","",DATEDIF(I40,TODAY(),"Y")) -> 30 | K40: 3312614134 | L40: Jerusalen, 3449, Hermosa Provincia | M40: marrzo-18 | N40: 3er señoritas
A41: =IF(D41="","",COUNTA($D$4:D41)) -> 38 | B41: =IF(C41="","",D41&F41&COUNTIFS($D$4:D41,D41,$F$4:F41,F41)) -> HS2 | C41: Carrillo Herrera Jachin | D41: H | E41: JU | F41: S | G41: SÍ | H41: SÍ | I41: 36673 | J41: =IF(C41="","",DATEDIF(I41,TODAY(),"Y")) -> 25 | K41: 3311746121 | L41: Nazaret, 687, Hermosa Provincia | M41: 43160 | N41: 2do jovenes
A42: =IF(D42="","",COUNTA($D$4:D42)) -> 39 | B42: =IF(C42="","",D42&F42&COUNTIFS($D$4:D42,D42,$F$4:F42,F42)) -> MMa1 | C42: Piérrez Ramírez Martha Alicia | D42: M | E42: CG | F42: Ma | G42: SÍ | H42: SÍ | I42: 25395 | J42: =IF(C42="","",DATEDIF(I42,TODAY(),"Y")) -> 56 | K42: 3315547657 | L42: Nazaret, 642, Col. Lagos De Oriente | M42: 43191 | N42: 14 casadas
A43: =IF(D43="","",COUNTA($D$4:D43)) -> 40 | B43: =IF(C43="","",D43&F43&COUNTIFS($D$4:D43,D43,$F$4:F43,F43)) -> HS3 | C43: Botello Vázquez José Jaír | D43: H | E43: JU | F43: S | G43: SÍ | H43: NO | I43: 36724 | J43: =IF(C43="","",DATEDIF(I43,TODAY(),"Y")) -> 25 | K43: 3319471406 | L43: Santo Tomás, 3096, Col. Cuahutemoc | M43: 43191 | N43: 1 solos Abiatar Montejano
A44: =IF(D44="","",COUNTA($D$4:D44)) -> 41 | B44: =IF(C44="","",D44&F44&COUNTIFS($D$4:D44,D44,$F$4:F44,F44)) -> MB20 | C44: Montejo Rodriguez Sarvia Betsabe | D44: M | E44: JU | F44: B | G44: NO | H44: SÍ | I44: 35534 | J44: =IF(C44="","",DATEDIF(I44,TODAY(),"Y")) -> 29 | K44: 3313001030 | L44: Priv. Macias Quintana, U.H. Lopez Velarde. | M44: 43132
A45: =IF(D45="","",COUNTA($D$4:D45)) -> 42 | B45: =IF(C45="","",D45&F45&COUNTIFS($D$4:D45,D45,$F$4:F45,F45)) -> MB21 | C45: Romero Velazquez Margarita | D45: M | E45: CG | F45: B | G45: SÍ | H45: SÍ | I45: 24268 | J45: =IF(C45="","",DATEDIF(I45,TODAY(),"Y")) -> 59 | K45: 3324606880 | L45: Arquimides 748, Hermosa Provincia | M45: 43235 | N45: Mtro, Aaron Joaquin, Pedro Lopez
A46: =IF(D46="","",COUNTA($D$4:D46)) -> 43 | B46: =IF(C46="","",D46&F46&COUNTIFS($D$4:D46,D46,$F$4:F46,F46)) -> MB22 | C46: Morales Romero Abigail Elizabeth | D46: M | E46: JU | F46: B | G46: SÍ | H46: SÍ | I46: 36387 | J46: =IF(C46="","",DATEDIF(I46,TODAY(),"Y")) -> 26 | K46: 5551026227 | L46: Arquimides 2977, Hermosa Provincia | M46: 43235 | N46: Mtro, Aaron Joaquin, Pedro Lopez
A47: =IF(D47="","",COUNTA($D$4:D47)) -> 44 | B47: =IF(C47="","",D47&F47&COUNTIFS($D$4:D47,D47,$F$4:F47,F47)) -> HB15 | C47: López Olguín Aminadab | D47: H | E47: CC | F47: B | G47: SÍ | H47: SÍ | I47: 34503 | J47: =IF(C47="","",DATEDIF(I47,TODAY(),"Y")) -> 31 | K47: 3321228447 | L47: Sin Direccion | M47: 43235 | N47: Lomas del gallo, P.E. Roberto Montiel
A48: =IF(D48="","",COUNTA($D$4:D48)) -> 45 | C48: Bautista Cruz Milca Elizabeth | D48: M | E48: CC | F48: B | G48: SÍ | H48: SÍ | I48: 32768 | J48: =IF(C48="","",DATEDIF(I48,TODAY(),"Y")) -> 36 | K48: 3339046591 | L48: Presa Sanalona, 810, Sn Joaquin | M48: 43235 | N48: La Presa
B49: =IF(C49="","",D49&F49&COUNTIFS($D$4:D49,D49,$F$4:F49,F49)) -> HB16 | C49: Velázquez Roblero Apolonio | D49: H | E49: CG | F49: B | G49: NO | H49: SÍ | I49: 19315 | J49: =IF(C49="","",DATEDIF(I49,TODAY(),"Y")) -> 73 | K49: 3310550947 | L49: Canaan, 3539, Hermosa Provincia | M49: 43250 | N49: 13 casados, David Cuevas
B50: =IF(C50="","",D50&F50&COUNTIFS($D$4:D50,D50,$F$4:F50,F50)) -> MS1 | C50: Sánchez Quezada Betsua Sarahi | D50: M | E50: JU | F50: S | G50: SÍ | H50: SÍ | I50: 37023 | J50: =IF(C50="","",DATEDIF(I50,TODAY(),"Y")) -> 24 | K50: 3320594992 | L50: Marruecos, 1408, Beatriz Hernández | M50: 43160 | N50: solas
B51: =IF(C51="","",D51&F51&COUNTIFS($D$4:D51,D51,$F$4:F51,F51)) -> HB17 | C51: Cruz Carabez Abdiel Neftalí | D51: H | E51: JU | F51: B | G51: SÍ | H51: NO | J51: =IF(C51="","",DATEDIF(I51,TODAY(),"Y")) -> 126 | M51: 43281 | N51: Viene del 4° Greupo de Niños, Hno. Carlos Hernández Larios
C52: Hernández Gómez Bani Daniel | D52: H | E52: CM | F52: B | G52: SÍ | H52: SÍ | I52: 28237 | J52: =IF(C52="","",DATEDIF(I52,TODAY(),"Y")) -> 49 | K52: 3313580047 | L52: Jerico, 805-A, Hermosa Provincia | M52: 43281 | N52: 7 casados Bezaleel Carillo
B53: =IF(C53="","",D53&F53&COUNTIFS($D$4:D53,D53,$F$4:F53,F53)) -> MB24 | C53: Martinez Pulido Maria | D53: M | E53: SO | F53: B | G53: SÍ | H53: SÍ | J53: =IF(C53="","",DATEDIF(I53,TODAY(),"Y")) -> 126 | K53: 3541080321 | L53: Presa Oviachic, 670-3, San Joaquin | M53: 43281 | N53: Reyes Michoacan
B54: =IF(C54="","",D54&F54&COUNTIFS($D$4:D54,D54,$F$4:F54,F54)) -> MB25 | C54: Salazar Villareal Graciela | D54: M | E54: SO | F54: B | G54: SÍ | H54: SÍ | I54: 19239 | J54: =IF(C54="","",DATEDIF(I54,TODAY(),"Y")) -> 73 | K54: SIN | L54: Getzemani 3538, Col Hermosa Provincia | M54: 43252 | N54: durmio
B55: =IF(C55="","",D55&F55&COUNTIFS($D$4:D55,D55,$F$4:F55,F55)) -> MB26 | C55: Velázquez Alvarado Arza Maresa | D55: M | E55: JU | F55: B | G55: SÍ | I55: 36063 | J55: =IF(C55="","",DATEDIF(I55,TODAY(),"Y")) -> 27 | K55: 3321675785 | L55: Pablo Valdez 3700 Col San Joaquin | M55: 43281 | N55: 2 señoritas Yaret Toriz
B56: =IF(C56="","",D56&F56&COUNTIFS($D$4:D56,D56,$F$4:F56,F56)) -> MB27 | C56: Castrejón Sánchez Estela Estefania | D56: M | E56: JU | F56: B | G56: SÍ | H56: SÍ | I56: 36085 | J56: =IF(C56="","",DATEDIF(I56,TODAY(),"Y")) -> 27 | K56: 3334587510 | L56: Josefa Ortiz de Dominguez, La Florida | M56: 43281 | N56: 2 señoritas Yaret Toriz
B57: =IF(C57="","",D57&F57&COUNTIFS($D$4:D57,D57,$F$4:F57,F57)) -> MB28 | C57: Silva Morales Martha Elva | D57: M | E57: SO | F57: B | G57: SÍ | H57: SÍ | I57: 17644 | J57: =IF(C57="","",DATEDIF(I57,TODAY(),"Y")) -> 78 | K57: 36980023 | L57: Canaan,3508,Hermosa Provincia | M57: 43331 | N57: Villagran Gto, D.E. Antonio Padilla
B58: =IF(C58="","",D58&F58&COUNTIFS($D$4:D58,D58,$F$4:F58,F58)) -> HB19 | C58: Manjarrez Ayala Manuel | D58: H | E58: CG | F58: B | G58: SÍ | H58: SÍ | I58: 26167 | J58: =IF(C58="","",DATEDIF(I58,TODAY(),"Y")) -> 54 | K58: 3321892337 | L58: Emilio Rabaza 3923-13 col Jardines de San Francisco | M58: 43313 | N58: Col. Palmira, Zapopan, Enc. Alejandro Villanueva
B59: =IF(C59="","",D59&F59&COUNTIFS($D$4:D59,D59,$F$4:F59,F59)) -> HB20 | C59: Ochoa Vargas Daniel | D59: H | E59: JU | F59: B | G59: SÍ | H59: SÍ | I59: 34213 | J59: =IF(C59="","",DATEDIF(I59,TODAY(),"Y")) -> 32 | K59: 3311316545 | M59: 43343 | N59: Km 15, El salto, D.E. Alfonso Gonzalez Hernandez
B60: =IF(C60="","",D60&F60&COUNTIFS($D$4:D60,D60,$F$4:F60,F60)) -> MB29 | C60: Peña Rosas Salma Naarai | D60: M | E60: JU | F60: B | G60: SÍ | H60: SÍ | I60: 37037 | J60: =IF(C60="","",DATEDIF(I60,TODAY(),"Y")) -> 24 | K60: 7771115331 | L60: Demostenes, 752, Col. Libertad | M60: 43343 | N60: Colonia, Alemania, D.E. Ezequiel Peña
B61: =IF(C61="","",D61&F61&COUNTIFS($D$4:D61,D61,$F$4:F61,F61)) -> MB30 | C61: Altamirano Sanchez Berenice | D61: M | E61: JU | F61: B | G61: SÍ | H61: SÍ | I61: 34240 | J61: =IF(C61="","",DATEDIF(I61,TODAY(),"Y")) -> 32 | K61: 3338285694 | L61: Pablo Valdez, 3811,int i4,san fransisco | M61: 43348 | N61: 4 señoritas, EHP Bethlem Morales
B62: =IF(C62="","",D62&F62&COUNTIFS($D$4:D62,D62,$F$4:F62,F62)) -> MB31 | C62: Pierrez Carillo Diana Jazmin | D62: M | E62: JU | F62: B | G62: SÍ | H62: SÍ | I62: 36527 | J62: =IF(C62="","",DATEDIF(I62,TODAY(),"Y")) -> 26 | K62: 3319996068 | L62: Presa Santa Rosa, 587-A, Lagos De Oriente | M62: 43348 | N62: 2 señoritas Yaret Toriz
B63: =IF(C63="","",D63&F63&COUNTIFS($D$4:D63,D63,$F$4:F63,F63)) -> MB32 | C63: Coronel Moreno Betsua | D63: M | E63: JU | F63: B | G63: SÍ | H63: SÍ | I63: 37395 | J63: =IF(C63="","",DATEDIF(I63,TODAY(),"Y")) -> 23 | K63: no registro | L63: Jerusalen 3488, Hermosa Provincia | M63: 43365 | N63: Oaxaca, Alberto Coronel
B64: =IF(C64="","",D64&F64&COUNTIFS($D$4:D64,D64,$F$4:F64,F64)) -> HB21 | C64: Coronel Moreno Alberto Misael | D64: H | E64: JU | F64: B | G64: SÍ | H64: NO | J64: =IF(C64="","",DATEDIF(I64,TODAY(),"Y")) -> 126 | K64: 3312554422 | M64: 43374 | N64: California, USA
B65: =IF(C65="","",D65&F65&COUNTIFS($D$4:D65,D65,$F$4:F65,F65)) -> HB22 | C65: Hernández Torres Alejandro | D65: H | E65: CM | F65: B | G65: SÍ | H65: SÍ | I65: 31190 | J65: =IF(C65="","",DATEDIF(I65,TODAY(),"Y")) -> 40 | K65: 3314569087 | L65: Belen, 3416, Hermosa Provincia. | M65: 43382 | N65: 4 casados D.E. A. Ivan Urrutia Diaz
B66: =IF(C66="","",D66&F66&COUNTIFS($D$4:D66,D66,$F$4:F66,F66)) -> HB23 | C66: Montalvo Garcia Jose Ivan | D66: H | E66: JU | F66: B | G66: SÍ | H66: SÍ | I66: 35752 | J66: =IF(C66="","",DATEDIF(I66,TODAY(),"Y")) -> 28 | K66: 3323703718 | M66: 43386 | N66: 1 solos Abiatar Montejano
B67: =IF(C67="","",D67&F67&COUNTIFS($D$4:D67,D67,$F$4:F67,F67)) -> HB24 | C67: Segovia Manuel Antonio | D67: H | E67: SO | F67: B | G67: SÍ | H67: SÍ | I67: 28237 | J67: =IF(C67="","",DATEDIF(I67,TODAY(),"Y")) -> 49 | K67: no registro | M67: 43390 | N67: DD
B68: =IF(C68="","",D68&F68&COUNTIFS($D$4:D68,D68,$F$4:F68,F68)) -> MB33 | C68: Pelayo González Polita | D68: M | E68: SO | F68: B | G68: SÍ | H68: SÍ | I68: 27490 | J68: =IF(C68="","",DATEDIF(I68,TODAY(),"Y")) -> 51 | K68: 3317411092 | L68: Pablo Valdez, 3247-A, Col. Cuahutemoc | M68: 43403 | N68: 12 Casadas, EHP Sara Abarca
B69: =IF(C69="","",D69&F69&COUNTIFS($D$4:D69,D69,$F$4:F69,F69)) -> HB25 | C69: Nava Larios Guillermo Jaír | D69: H | E69: JU | F69: B | G69: SÍ | H69: SÍ | I69: 36789 | J69: =IF(C69="","",DATEDIF(I69,TODAY(),"Y")) -> 25 | K69: 3338204301 | L69: Manuel Irigollen, 947, 2A. Secc. H P | M69: 43387 | N69: salida la obra-puebla puebla
B70: =IF(C70="","",D70&F70&COUNTIFS($D$4:D70,D70,$F$4:F70,F70)) -> MB34 | C70: Aguilar Chávez Judit Janai | D70: M | E70: JU | F70: B | G70: SÍ | H70: SÍ | I70: 35717 | J70: =IF(C70="","",DATEDIF(I70,TODAY(),"Y")) -> 28 | K70: 3335902493 | L70: Canaan, 3711, San Joaquin | M70: 43387 | N70: salida la obra-silao guanajuato
B71: =IF(C71="","",D71&F71&COUNTIFS($D$4:D71,D71,$F$4:F71,F71)) -> HB26 | C71: Jurado Álvarez Eliseo Jaír | D71: H | E71: JU | F71: B | G71: SÍ | H71: SÍ | I71: 36572 | J71: =IF(C71="","",DATEDIF(I71,TODAY(),"Y")) -> 26 | K71: 3312555404 | L71: Jordan, 724 Nte. , Col. Hermosa Provincia | M71: 43387 | N71: salida la obra guanajuato
B72: =IF(C72="","",D72&F72&COUNTIFS($D$4:D72,D72,$F$4:F72,F72)) -> MB35 | C72: Gomez Muñoz Ruth | D72: M | E72: JU | F72: B | G72: SÍ | H72: SÍ | I72: 34321 | J72: =IF(C72="","",DATEDIF(I72,TODAY(),"Y")) -> 32 | K72: 3317582386 | L72: Industria, 648, San Juan de Dios | M72: 43387 | N72: salida la obra michoacan
B73: =IF(C73="","",D73&F73&COUNTIFS($D$4:D73,D73,$F$4:F73,F73)) -> MB36 | C73: Ariza Quiahua Abisag | D73: M | E73: JU | F73: B | G73: SÍ | H73: SÍ | I73: 35341 | J73: =IF(C73="","",DATEDIF(I73,TODAY(),"Y")) -> 29 | K73: 3319991628 | L73: Jerusalem #3417- A, Hermosa Provincia | M73: 43387 | N73: salida la obra Ecuador
B74: =IF(C74="","",D74&F74&COUNTIFS($D$4:D74,D74,$F$4:F74,F74)) -> MB37 | C74: Ariza Quiahua Hadasa Judith | D74: M | E74: JU | F74: B | G74: SÍ | H74: SÍ | I74: 36918 | J74: =IF(C74="","",DATEDIF(I74,TODAY(),"Y")) -> 25 | K74: 20167835 | L74: Jerusalen,3417-A, Hermosa Provincia | M74: 43387 | N74: salida la obra Guatemala
B75: =IF(C75="","",D75&F75&COUNTIFS($D$4:D75,D75,$F$4:F75,F75)) -> HB27 | C75: Romualdo Olmos Benjamín | D75: H | E75: JU | F75: B | G75: SÍ | H75: SÍ | I75: 34223 | J75: =IF(C75="","",DATEDIF(I75,TODAY(),"Y")) -> 32 | K75: 3317366742 | L75: Arquimides,685 Int3, Lagos De Oriente | M75: 43387 | N75: salida la obra Guatemala
B76: =IF(C76="","",D76&F76&COUNTIFS($D$4:D76,D76,$F$4:F76,F76)) -> HB28 | C76: García Gutierrez Hugo Iván | D76: H | E76: JU | F76: B | G76: SÍ | H76: SÍ | I76: 31407 | J76: =IF(C76="","",DATEDIF(I76,TODAY(),"Y")) -> 40 | K76: 3332019874 | L76: Dionisio Rodriguez 3810, Col. Jardines de San Francisco | M76: 43387 | N76: salida la obra Panama
B77: =IF(C77="","",D77&F77&COUNTIFS($D$4:D77,D77,$F$4:F77,F77)) -> MB38 | C77: Arenas Monrroy Keila Sunem | D77: M | E77: JU | F77: B | G77: SÍ | H77: SÍ | I77: 36460 | J77: =IF(C77="","",DATEDIF(I77,TODAY(),"Y")) -> 26 | K77: 3311197259 | L77: Nazaret, 665, Lagos De Oriente | M77: 43387 | N77: salida la obra Haiti
B78: =IF(C78="","",D78&F78&COUNTIFS($D$4:D78,D78,$F$4:F78,F78)) -> HB29 | C78: García Rivera Bilsam | D78: H | E78: JU | F78: B | G78: SÍ | H78: SÍ | I78: 36856 | J78: =IF(C78="","",DATEDIF(I78,TODAY(),"Y")) -> 25 | K78: 3319262031 | L78: Calle 34, Col El Mirador | M78: 43387 | N78: destino pendiente
B79: =IF(C79="","",D79&F79&COUNTIFS($D$4:D79,D79,$F$4:F79,F79)) -> MB39 | C79: Martínez Pulido Teresa | D79: M | E79: CG | F79: B | G79: SÍ | H79: SÍ | I79: 24283 | J79: =IF(C79="","",DATEDIF(I79,TODAY(),"Y")) -> 59 | K79: 3337236242 | L79: Presa Oviachic,670, San Joaquin | M79: 31-0ct-18 | N79: 4 jalisco
B80: =IF(C80="","",D80&F80&COUNTIFS($D$4:D80,D80,$F$4:F80,F80)) -> HB30 | C80: Lechuga Oliva Naason Efrain | D80: H | E80: JU | F80: B | G80: SÍ | H80: SÍ | I80: 34395 | J80: =IF(C80="","",DATEDIF(I80,TODAY(),"Y")) -> 32 | K80: 3316717383 | L80: Telegrafistas, 3483, Hermosa Provincia | M80: 43422 | N80: salida obra
B81: =IF(C81="","",D81&F81&COUNTIFS($D$4:D81,D81,$F$4:F81,F81)) -> HB31 | C81: Chung Gómez Abisai | D81: H | E81: JU | F81: B | G81: SÍ | H81: SÍ | I81: 33422 | J81: =IF(C81="","",DATEDIF(I81,TODAY(),"Y")) -> 34 | K81: 3317209345 | L81: Nubia, 785, Col. Libertad. | M81: 43420 | N81: 5 jovenes EHP Pablo Gomez
B82: =IF(C82="","",D82&F82&COUNTIFS($D$4:D82,D82,$F$4:F82,F82)) -> HB32 | C82: Macías Méndez Besaleel | D82: H | E82: JU | F82: B | G82: SÍ | H82: SÍ | I82: 36904 | J82: =IF(C82="","",DATEDIF(I82,TODAY(),"Y")) -> 25 | K82: 3320712775 | L82: Jardin Botanico,3385, Lagos De Oriente | M82: 43434 | N82: 2 jovenes EHP Benjamin Menchaca
B83: =IF(C83="","",D83&F83&COUNTIFS($D$4:D83,D83,$F$4:F83,F83)) -> MMa2 | C83: Varillas Flores Jehieli Natali | D83: M | E83: JU | F83: Ma | G83: SÍ | H83: SÍ | I83: 36378 | J83: =IF(C83="","",DATEDIF(I83,TODAY(),"Y")) -> 26 | K83: 3318298858 | L83: Canaan, 3642, Hermosa Provincia | M83: 43472 | N83: 2 señoritas Yaret Toriz
B84: =IF(C84="","",D84&F84&COUNTIFS($D$4:D84,D84,$F$4:F84,F84)) -> MMa3 | C84: Morales Hernández Gilberta | D84: M | E84: SO | F84: Ma | G84: SÍ | H84: SÍ | I84: 24706 | J84: =IF(C84="","",DATEDIF(I84,TODAY(),"Y")) -> 58 | K84: 3313443677 | L84: Cirujanos, 725-A, Col. Lagos De Oriente | M84: 43486 | N84: Cd. Mante, Tamaulipas, Enc. Abraham Claudio
B85: =IF(C85="","",D85&F85&COUNTIFS($D$4:D85,D85,$F$4:F85,F85)) -> HB33 | C85: Poisot Flores Horus | D85: H | E85: JU | F85: B | G85: SÍ | H85: SÍ | I85: 37766 | J85: =IF(C85="","",DATEDIF(I85,TODAY(),"Y")) -> 22 | K85: 3322706376 | L85: Jardines japoneses 3447 lagos de oriente | M85: 43490 | N85: 2 adolescentes EHP Sergio Altamirano
B86: =IF(C86="","",D86&F86&COUNTIFS($D$4:D86,D86,$F$4:F86,F86)) -> MB40 | C86: Macías Méndez Ammi Adlai | D86: M | E86: JU | F86: B | G86: SÍ | H86: SÍ | I86: 37987 | J86: =IF(C86="","",DATEDIF(I86,TODAY(),"Y")) -> 22 | M86: 43514 | N86: 2 Adolescentes EHP Nebai Zamora
B87: =IF(C87="","",D87&F87&COUNTIFS($D$4:D87,D87,$F$4:F87,F87)) -> HB34 | C87: Mendez Silverio Atlai Moises | D87: H | E87: JU | F87: B | G87: SÍ | H87: SÍ | I87: 37779 | J87: =IF(C87="","",DATEDIF(I87,TODAY(),"Y")) -> 22 | K87: 33365230 | L87: Belèn, 3418, Hermosa Provincia | M87: 43501 | N87: 2 adolescentes EHP Sergio Altamirano
B88: =IF(C88="","",D88&F88&COUNTIFS($D$4:D88,D88,$F$4:F88,F88)) -> HB35 | C88: Diaz de León Carrillo Misael | D88: H | E88: JU | F88: B | G88: SÍ | H88: SÍ | I88: 30840 | J88: =IF(C88="","",DATEDIF(I88,TODAY(),"Y")) -> 41 | L88: Telegrafistas 3480A, Hermosa Provincia | M88: 43513 | N88: Coyula, D.E. Sigifredo Marulanda
B89: =IF(C89="","",D89&F89&COUNTIFS($D$4:D89,D89,$F$4:F89,F89)) -> MB41 | C89: Ramírez García Mayra Nayeli | D89: M | E89: JU | F89: B | G89: SÍ | H89: SÍ | I89: 36175 | J89: =IF(C89="","",DATEDIF(I89,TODAY(),"Y")) -> 27 | K89: 3334484036 | L89: Educadores 3304, Lagos de Oriente | N89: REVISAR LA BAJA
B90: =IF(C90="","",D90&F90&COUNTIFS($D$4:D90,D90,$F$4:F90,F90)) -> MB42 | C90: Chávez Ortiz Ma De Lourdes | D90: M | E90: CM | F90: B | G90: SÍ | H90: SÍ | I90: 26357 | J90: =IF(C90="","",DATEDIF(I90,TODAY(),"Y")) -> 54 | K90: 3313639212 | L90: Escalon, 352, Col. Libertad | M90: 43451 | N90: DURMIO
B91: =IF(C91="","",D91&F91&COUNTIFS($D$4:D91,D91,$F$4:F91,F91)) -> MB43 | C91: García Olivares Libni | D91: M | E91: CC | F91: B | G91: SÍ | H91: SÍ | I91: 34231 | J91: =IF(C91="","",DATEDIF(I91,TODAY(),"Y")) -> 32 | K91: 3333631107 | L91: Betlehem 3374 | M91: 43489 | N91: REVISAR LA BAJA
B92: =IF(C92="","",D92&F92&COUNTIFS($D$4:D92,D92,$F$4:F92,F92)) -> MB44 | C92: Ahumada Ibarra Lesslie | D92: M | E92: CC | F92: B | G92: SÍ | H92: SÍ | I92: 35434 | J92: =IF(C92="","",DATEDIF(I92,TODAY(),"Y")) -> 29 | K92: 3318436092 | L92: Telegrafistas 3483 Col Hermosa Provincia | M92: 43452 | N92: Salida a la obra
B93: =IF(C93="","",D93&F93&COUNTIFS($D$4:D93,D93,$F$4:F93,F93)) -> HB36 | C93: Cabrera Comunidad Raul | D93: H | E93: JU | F93: B | G93: SÍ | H93: SÍ | I93: 35210 | J93: =IF(C93="","",DATEDIF(I93,TODAY(),"Y")) -> 29 | K93: 3334973578 | L93: Presa Osorio | M93: 43003 | N93: CDMX
B94: =IF(C94="","",D94&F94&COUNTIFS($D$4:D94,D94,$F$4:F94,F94)) -> MB45 | C94: López Escalante Tiara Rubí | D94: M | E94: JU | F94: B | G94: SÍ | H94: SÍ | I94: 34034 | J94: =IF(C94="","",DATEDIF(I94,TODAY(),"Y")) -> 33 | L94: Presa Oviachic 791, San Joaquin | M94: 43539 | N94: 4 Casadas, EHP Yolanda Esparza Almaguer
B95: =IF(C95="","",D95&F95&COUNTIFS($D$4:D95,D95,$F$4:F95,F95)) -> HB37 | C95: Cortez Aguayo Mario | D95: H | E95: CM | F95: B | G95: SÍ | H95: SÍ | I95: 27110 | J95: =IF(C95="","",DATEDIF(I95,TODAY(),"Y")) -> 52 | K95: 33.1230.6202 | L95: Presa Sanalona 867, San Joaquín | M95: 43564 | N95: 8 casados, EHP Octavio Navarro Prieto
B96: =IF(C96="","",D96&F96&COUNTIFS($D$4:D96,D96,$F$4:F96,F96)) -> HB38 | C96: Trujillo Toral Daniel Isai | D96: H | E96: JU | F96: B | G96: SÍ | H96: SÍ | I96: 37388 | J96: =IF(C96="","",DATEDIF(I96,TODAY(),"Y")) -> 23 | K96: 3310942269 | L96: Sudan 1250, Col. Cuauhtemoc | M96: 43566 | N96: 1 Jovenes EHP Daniel Coronado Pelayo
B97: =IF(C97="","",D97&F97&COUNTIFS($D$4:D97,D97,$F$4:F97,F97)) -> HB39 | C97: Nava Larios Jocsan B. | D97: H | E97: JU | F97: B | G97: SÍ | H97: SÍ | I97: 38066 | J97: =IF(C97="","",DATEDIF(I97,TODAY(),"Y")) -> 22 | K97: 3318729482 | L97: Manuel Irigollen, 947, 2A. Secc. H P | M97: 43572 | N97: 2 adolescentes EHP Sergio Altamirano
B98: =IF(C98="","",D98&F98&COUNTIFS($D$4:D98,D98,$F$4:F98,F98)) -> HB40 | C98: Naranjo Becerra Zabdiel | D98: H | E98: JU | F98: B | G98: SÍ | H98: SÍ | I98: 37731 | J98: =IF(C98="","",DATEDIF(I98,TODAY(),"Y")) -> 23 | K98: 3323355704 | L98: Nazareth 610, Lagos de Oriente | M98: 43572 | N98: 1 jovenes, EHP Daniel Coronado
B99: =IF(C99="","",D99&F99&COUNTIFS($D$4:D99,D99,$F$4:F99,F99)) -> HB41 | C99: Martínez Macías Marvin Itaí | D99: H | E99: JU | F99: B | G99: SÍ | H99: SÍ | I99: 37140 | J99: =IF(C99="","",DATEDIF(I99,TODAY(),"Y")) -> 24 | K99: 3311678748 | L99: Privada De Galilea, 12-A, Col. H. P. | M99: 43573 | N99: 1 jovenes, EHP Daniel Coronado
B100: =IF(C100="","",D100&F100&COUNTIFS($D$4:D100,D100,$F$4:F100,F100)) -> HB42 | C100: Gongora Guardado Daniel | D100: H | E100: JU | F100: B | G100: SÍ | H100: SÍ | I100: 37975 | J100: =IF(C100="","",DATEDIF(I100,TODAY(),"Y")) -> 22 | L100: Jordan sur, 665, Hermosa Provincia | M100: 43576 | N100: 2 adolescentes EHP Sergio Altamirano
B101: =IF(C101="","",D101&F101&COUNTIFS($D$4:D101,D101,$F$4:F101,F101)) -> HB43 | C101: Camilo Solís Tobías | D101: H | E101: CM | F101: B | G101: SÍ | H101: SÍ | I101: 26887 | J101: =IF(C101="","",DATEDIF(I101,TODAY(),"Y")) -> 52 | K101: 3333903647 | L101: Jordan 630, Hermosa Provincia | M101: febrero | N101: Canada
...

Sheet Revisión
C1: nombres | D1: Columna1 | E1: E.C | F1: Dia | G1: Columna2 | H1: Columna3 | I1: Columna4 | J1: EDAD | K1: TEL | L1: DIRECCION | M1: Razones que se conocen en día de guardia
B2: =IF(C2="","",D2&F2&COUNTIFS($D2:D$3,D2,$F2:F$3,F2)) -> MJ1 | C2: Ramírez García Mayra Nayeli | D2: M | E2: JU | F2: J | G2: SÍ | H2: SÍ | I2: 36175 | J2: =IF(C2="","",DATEDIF(I2,TODAY(),"Y")) -> 27 | K2: 3334484036 | L2: Educadores 3304, Lagos de Oriente | M2: Cambio de grupo
B3: =IF(C3="","",D3&F3&COUNTIFS($D3:D$3,D3,$F3:F$3,F3)) -> HL1 | C3: González Constantino R. Leonel | D3: H | E3: CM | F3: L | G3: SÍ | H3: SÍ | I3: 28879 | J3: =IF(C3="","",DATEDIF(I3,TODAY(),"Y")) -> 47 | K3: 3338475744 | L3: Jardin Botanico, 3340, Lagos De Oriente | M3: Se desconoce la razon de su ausencia
B4: =IF(C4="","",D4&F4&COUNTIFS($D4:D$3,D4,$F4:F$3,F4)) -> HL2 | C4: Guadarrama Arce Abner Abisai | D4: H | E4: JU | F4: L | G4: SÍ | H4: SÍ | I4: 37653 | J4: =IF(C4="","",DATEDIF(I4,TODAY(),"Y")) -> 23 | K4: 3313247563 | L4: Telegrafistas 3490, Lagos de Oriente. | M4: más de tres meses faltado
B5: =IF(C5="","",D5&F5&COUNTIFS($D5:D$3,D5,$F5:F$3,F5)) -> HL3 | C5: Pelayo Díaz Policarpo | D5: H | E5: SO | F5: L | G5: SÍ | H5: SÍ | I5: 12810 | J5: =IF(C5="","",DATEDIF(I5,TODAY(),"Y")) -> 91 | K5: SIN | L5: Turquia, 707, Col. Libertad | M5: comportamiento impropio de un obrero, no se sujeta al responsable
B6: =IF(C6="","",D6&F6&COUNTIFS($D6:D$3,D6,$F6:F$3,F6)) -> MS1 | C6: Serrano Mora Ishua | D6: M | E6: CM | F6: S | G6: SÍ | H6: NO | I6: 30585 | J6: =IF(C6="","",DATEDIF(I6,TODAY(),"Y")) -> 42 | K6: 3312987565 | L6: Esteban A La Torre, 3377, Hermosa Provincia | M6: cambio a grupo de casadas
B7: =IF(C7="","",D7&F7&COUNTIFS($D7:D$3,D7,$F7:F$3,F7)) -> HL4 | C7: Olivares Rodríguez Edgar Joram | D7: H | E7: JU | F7: L | G7: SÍ | H7: SÍ | I7: 36502 | J7: =IF(C7="","",DATEDIF(I7,TODAY(),"Y")) -> 26 | K7: 3339705399 | L7: Jerusalen, 3382, Hermosa Provincia | M7: mas de tres meses faltado
B8: =IF(C8="","",D8&F8&COUNTIFS($D8:D$3,D8,$F8:F$3,F8)) -> HL5 | C8: Ruvalcaba Hernández Omar Jesús | D8: H | E8: SO | F8: L | G8: SÍ | H8: SÍ | I8: 30926 | J8: =IF(C8="","",DATEDIF(I8,TODAY(),"Y")) -> 41 | K8: 3319901048 | L8: Felix Bernardeli, 138, Int. 11, Sn Andres. | M8: poca asistencia a la obra
C9: Cabrera Comunidad Raul | D9: H | E9: JU | F9: D | G9: SÍ | H9: SÍ | I9: 35210 | J9: 22 | K9: 3334973578 | L9: Presa Osorio | M9: 9 meses de ausentismo
C10: Calvillo Delgado Samuel | D10: H | E10: CM | F10: D | G10: SÍ | H10: SÍ | I10: 27033 | J10: 45 | K10: 3310197194 | L10: Turquia, 729, Col. Libertad | M10: 5 a 6 meses de residencia
C11: Cortez Aguayo Mario | D11: H | E11: CM | F11: D | G11: SÍ | H11: SÍ | I11: 27110 | J11: 44 | K11: 33.1230.6202 | L11: Presa Sanalona 867, San Joaquín | M11: 1 año de ausentismo asunto laboral
C12: Estrada Martin Benjamín | D12: H | E12: JU | F12: D | G12: SÍ | H12: SÍ | I12: 37904 | J12: 15 | K12: 2781130373 | L12: Jardines Botanicos, Lagos de Oriente | M12: 1 mes de ausentismo
C13: Flores Valencia Fines Edrei | D13: H | E13: JU | F13: D | G13: NO | H13: SÍ | I13: 37816 | J13: 15 | K13: 3331191945 | L13: Josefa Ortiz de Dominguez, | M13: no se presenta
C14: Ipiña Del Río Adiel Silem | D14: H | E14: JU | F14: D | G14: SÍ | H14: SÍ | I14: 35902 | J14: 20 | K14: 3313667413 | L14: Turquia, 729, Col. Lagos De Oriente. | M14: 8 a 9 meses ausentismo esta en el coro de jovenes
C15: Luna Pérez Antonio | D15: H | E15: CG | F15: D | G15: SÍ | H15: SÍ | I15: 24271 | J15: 52 | K15: 3312665737 | L15: Belen, 3433, Hermosa Provincia | M15: inconstancia por asunto laboral
C16: Pedroza Ascencio Leonardo Daniel | D16: H | E16: CC | F16: D | G16: SÍ | H16: SÍ | I16: 31086 | J16: 33 | K16: 32223065534 | L16: Nazareth, 686, Lagos De Oriente | M16: cambio de residencia por asunto laboral
C17: Ramires Leon Marcos | D17: H | E17: CM | F17: D | G17: SÍ | H17: SÍ | J17: 119 | K17: 3310807887 | M17: 3 a 4 meses de ausentismo por asunto laboral
C18: Rivas Martinez Hugo Cesar | D18: H | E18: JU | F18: D | G18: SÍ | H18: SÍ | I18: 34451 | J18: 24 | K18: 4271365698 | L18: Presa Sanalona 858, Hermosa Provincia | M18: 3 a 4 meses de ausentismo, cambio de residencia por asunto laboral
C19: Rodríguez Islas Héctor | D19: H | E19: CG | F19: D | G19: SÍ | H19: SÍ | I19: 24048 | J19: 53 | K19: 3310094665 | L19: Presa Sanalona, 825, Hermosa Provincia | M19: 2 años de ausentismo
C20: Von-Arx Bai Mario Hans | D20: H | E20: SO | F20: D | G20: SÍ | H20: SÍ | I20: 18112 | J20: 69 | K20: 3314393948 | L20: Pablo Valdez 3247, int.3,Cuahutemoc | M20: 10 a 11 meses de ausentismo por razones de salud

Sheet lista por edad
A1: 2° Adolescentes | F1: 2° Adolescentes
A2: N O M B R E | B2: EDAD | C2: TEL. | D2: DIRECCION | F2: N O M B R E | G2: EDAD | H2: TEL. | I2: DIRECCION
A3: Bernal Carillo Yair | B3: 15 | C3: 3328079212 | D3: Telegrafistas 3492, Hermosa Provinica | F3: Botello Vázquez Jabnia Nahomi | G3: 15 | I3: Santo Tomas 3096, Cuahutemoc
A4: Berumen Rosales Josue | B4: 15 | C4: 3334423388 | D4: Escalon 627, Lagos de Oriente | F4: Grajales Santos Yebzi Alejandra | G4: 14 | H4: 3325214476 | I4: Pablo Valdez y Presa Tacotan 844A, San Joaquin
A5: Castillo Lopez Absalon Abisai | B5: 14 | C5: 3310147850 | D5: Vicente Daza 1014, Lomas del Gallo | F5: Hernández Sánchez Priscila | G5: 15 | I5: Esteban Alatorre 33770,9B. Hermosa Provincia
A6: Cervantes Chavero Asael | B6: 15 | D6: Educadores 3329, Lagos de Oriente | F6: Libonatti Valdivia Abby Gethsemani | G6: 15 | H6: 5562173928 | I6: Gustavo Baz 3725, 2da sección HP
A7: Cordero García Saharaim | B7: 15 | D7: Fisicos 3465, Lagos de Oriente | F7: Trujillo Muñoz Suni Elizabeth | G7: 14 | H7: 36056403 | I7: Presa Laurel 146, Tetlan
A8: De la Cruz Valle Aziel | B8: 15 | C8: 3337228328 | D8: Arquimides 662, Hermosa Provincia
A9: Gomez Miramontes Jazak | B9: 15 | D9: Jerusalen 3306, Hermosa Provincia | F9: 1° Señoritas
A10: Gongora Guardado Jossiel | B10: 15 | C10: 3322197141 | D10: Jordan Sur 673, Hermosa Provincia | F10: N O M B R E | G10: EDAD | H10: TEL. | I10: DIRECCION
A11: Gutierrez Rodas Geser Heliel | B11: 14 | F11: Acuña Silverio Yenni Samai | G11: 17 | H11: 3325006442 | I11: Esteban Alatorre 3349, Hermosa Provincia
A12: Hernández Larios Pablo Benjamín | B12: 14 | D12: Nazareth 743, Hermosa Provincia | F12: Chavez Rebeca | G12: 16 | I12: Andador Guillermo Jimenez, Arrayanes
A13: Morales Solares Eliezer Mizraim | B13: 15 | C13: 3318412959 | D13: Jardines Japoneses 3571, Lagos de Oriente | F13: Colin Mora Adi Sinai | G13: 16 | H13: 3328329014 | I13: Hacienda Bellavista 3576, Heliodoro Hernández Loza
A14: Olachea Guzmán Omar Hidai | B14: 14 | C14: 3336438343 | D14: Etiopía 755, Libertad | F14: Luevanos Clemente Danna Nahomi | G14: 17 | H14: 3315550055 | I14: Jardines Japoneses 3311, Lagos de Oriente
A15: Orozco Guerra Zimri Adoraim | B15: 15 | C15: 3323218870 | D15: Getsemani 3618, Hermosa Provincia | F15: Muñoz Guzmán Salma Nohemi | G15: 16 | H15: 3313122738 | I15: Credito 4088, Benito Juarez
A16: Ramos Hernández Zair Alonso | B16: 14 | C16: 3330289797 | D16: Samaria 934, Hermosa Provincia | F16: Ochoa Bernal Siurabet Alejandra | G16: 17 | H16: 36085766 | I16: Malecon 1015, Lomas del Gallo
A17: Reyes Baldovinos Zabdiel Isai | B17: 15 | C17: 3921310443 | D17: Presa La Escondida, San Joaquín | F17: Ortega Sosa Sabetai | G17: 16 | H17: 3310931478 | I17: Pablo Moreno, 911, Hermosa Provincia
A18: Rodríguez Cardona Yeycob Yandel | B18: 15 | D18: Samaria 823, Hermosa Provincia | F18: Pardo Vazquez Java Ismerai | G18: 16 | H18: 3319246889 | I18: Presa Oviachic 76
A19: Rojas Cano Alan Adoraim | B19: 14 | D19: Samaria 935, Hermosa Provincia | F19: Pierrez Carrillo Dana Yahani | G19: 17 | I19: Presa Santa Rosa 587-A, Lagos de Oriente
A20: Serrano Navarro Samlai Jeriel | B20: 15 | D20: Esteban Alatorre 3536, Hermosa Provincia | F20: Valencia Alegría Elia Esbahi | G20: 17 | I20: Turquía 639, Lagos de Oriente
A21: Valencia Alegria Bany Edrei | B21: 15 | D21: Turquia 639, Lagos de Oriente
A22: Virgen Romero Itiel Kimsaim | B22: 15 | C22: 3334936229 | D22: Getsemani 3552, Hermosa Provincia | F22: 2° Señoritas
F23: N O M B R E | G23: EDAD | H23: TEL. | I23: DIRECCION
A24: 1° Jóvenes | F24: Acevedo Vega Samla Jaanai | G24: 19 | H24: 3316716256 | I24: Esteban Alatorre,3317,Hermosa Provincia
A25: N O M B R E | B25: EDAD | C25: TEL. | D25: DIRECCION | F25: Cortez Meza Merari Sinai | G25: 18 | H25: 3329679261 | I25: Nazareth 615, Hermosa Provincia
A26: Castro Aguilar Joacim Azriel | B26: 17 | C26: 3324545950 | D26: Rancho Grande 3059, Lomas de San Eugenio | F26: De la Rosa Riu Dara Sunem | G26: 18 | H26: 33-18-71-18-31 | I26: Arquimedes 520, Hermosa Provincia
A27: Clemente Hernández Levi | B27: 17 | C27: 3317780958 | D27: Geografos 674, Lagos de Oriente | F27: Guzmán Rodriguez Hefziba Sabetai | G27: 18 | H27: no registro | I27: José Rosas Moreno 920, Miguel Hidalgo
A28: Cordero García Felix Sibram | B28: 17 | D28: Fisicos 3465, Lagos de Oriente | F28: Parra Hernández Girees Naian | G28: 18 | H28: 3315965188 | I28: Presa Valsequillo 704, San Joaquín
A29: De la torre Gutierrez Abinadab Azarias | B29: 16 | C29: 3325700229 | D29: Etzatlan 91, Lomas del Laurel | F29: Ramírez Aguirre Aideth Anahi | G29: 18 | H29: 3322209501 | I29: Presa Palmito 811, San Joaquín
A30: Esesarte García Jonatan Keruv | B30: 16 | C30: 9711039062 | D30: Geografos 665-A, Lagos de Oriente | F30: Reyes Aguilera Athalia Ismerai | G30: 19 | H30: 3319964457 | I30: Geografos 717, Lagos de Oriente
A31: González Carrillo Edgar Azriel | B31: 17 | D31: Telegrafisctas, 3492, Lagos de Oriente | F31: Vazquez Marquez Dilean Sismai | G31: 18 | H31: 3324606810 | I31: Canaan 3553, Hermosa Provincia
A32: Gutierrez Jafet Aldair | B32: 17 | D32: Demostenes 3363, San Isidro | F32: Villamil Contreras Dara Etan | G32: 18 | I32: Educadores 3327, Lagos de Oriente
A33: Hernández Hernández Zabdiel | B33: 16 | C33: 3333293778 | D33: Belen 3432, Col. Hermosa Provincia
A34: Lugo León Jacob | B34: 17 | C34: 3320480410 | D34: Presa Tivoli Int. 33 Ext 132 | F34: 3° Señoritas
A35: Marquez Cano Alejandro | B35: 16 | C35: 3323113517 | D35: Samaria 935, Hermosa Provincia | F35: N O M B R E | G35: EDAD | H35: TEL. | I35: DIRECCION
A36: Martínez García Josue | B36: 17 | C36: 3312135713 | D36: Jardines Japoneses 3329, Lagos de Oriente | F36: Arana Palacios Elda Jazmín | G36: 22 | H36: 3316314181 | I36: SaMaría, 920, Hermosa Provincia
A37: Morales Vazquez Eliezer | B37: 16 | C37: 3333367427 | D37: Francisco de Ayza 3282A, Libertad | F37: Ariza Quiahua Hadasa Judith | G37: 21 | H37: 20167835 | I37: Jerusalen,3417-A, Hermosa Provincia
A38: Navarro Beltran Edwin Atlai | B38: 17 | C38: 3313414645 | D38: Hermosa Provincia | F38: Cruz Garcia Dana Ezbai | G38: 22 | H38: 3314824413 | I38: Pablo Valdez 3388C, Hermosa Provincia
A39: Prieto Rodriguez Kibsaim | B39: 16 | C39: 3323812705 | D39: Fisicos 3474, Lagos de Oriente | F39: Cruz Garcia Zabdi Isui | G39: 20 | H39: 3312167198 | I39: Educadores 734, Lagos de Oriente
A40: Rodriguez Juárez Javier Mizraim | B40: 17 | C40: 7443126912 | D40: Canaan 3580, 4, Hermosa Provincia | F40: Mares Osuna Karem Quelubai | G40: 21 | H40: 3315355986
A41: Rojas Cano Abisai | B41: 16 | D41: Samaria 935, Hermosa Provincia | F41: Raiz Tejeda Dulce Jazmin Ismerai | G41: 21 | H41: 3221026048 | I41: Canaan 3525, Hermosa Provincia
A42: Roldan Ruiz Santiago | B42: 17 | C42: 3310141723 | D42: Bhetleem 3298, Hermosa Provincia | F42: Serrano Garibay Beula Samir | G42: 20 | H42: 36080847 | I42: Jerusalen, 3550, Col. Hermosa Provincia
A43: Salgado Rosas Juan Eliezer | B43: 16 | D43: Presa Ahome 814, Aaron Joaquin | F43: Uscanga Montolla Elizama Jahmai | G43: 21 | H43: 3321441755 | I43: Bethelem, 3345, Lagos de Oriente
A44: Serrano Navarro Samlai Joacim | B44: 17 | C44: 3321295156 | D44: Esteban Alatorre 3533
A45: Villegas Rodriguez José Juan | B45: 17 | D45: Arquimides 578A, Lagos de Oriente | F45: 4° Señoritas
F46: N O M B R E | G46: EDAD | H46: TEL. | I46: DIRECCION
A47: 2° Jóvenes | F47: Aguilar Chávez Judit Janai | G47: 25 | H47: 3335902493 | I47: Canaan, 3711, San Joaquin
A48: N O M B R E | B48: EDAD | C48: TEL. | D48: DIRECCION | F48: Ariza Quiahua Cedema | G48: 23 | H48: 3334888944 | I48: Jerusalen,3417-A, Hermosa Provincia
A49: Angeles López Alan Uziel | B49: 19 | C49: 36084943 | D49: Santiago Guzman 1080, Col. Los Tulipanes | F49: Coronado Infante Ruth | G49: 24 | H49: 3312688826 | I49: Esteban Alatorre, 3569, Hermosa Provincia
A50: Bautista Michicol Galdino Azael | B50: 19 | C50: 33.1027.8635 | D50: Mariano Coronado 1237, Col. Lomas del Gallo | F50: Cruz Garcia Noa Rael | G50: 23 | H50: 3322717698 | I50: Educadores 734, Lagos de Oriente
A51: Bravo Tinejero Emmanuel Alejandro | B51: 19 | C51: 3333301156 | D51: Senado 3218, Libertad | F51: Francisco López Dana Isui | G51: 24 | H51: 36084559 | I51: SaMaría,987, Hermosssa Provincia
A52: Bucio Ramirez Aziel Michel | B52: 18 | C52: 3322024509 | D52: Geografos 805, Lagos de Oriente | F52: Lomeli Marquez Karen Lisseht | G52: 24 | H52: 5611218429 | I52: Pablo Moreno 1047, Los Arrayanes
A53: Granados Lopez Vasni Besaleel | B53: 19 | C53: 3319916428 | D53: Manuel Santibáñez 3551, Miguel Hidalgo | F53: Martínez Piña Jedia Samir | G53: 24 | H53: 7712717388
A54: Guadarrama Arce Abner Abisai | B54: 19 | C54: 3313247563 | D54: Telegrafistas 3490, Lagos de Oriente.
A55: Hernández Gómez Isaac Abiezer | B55: 19 | C55: 3327929534 | D55: Presa Solis 4002, Lagos de Oriente
A56: Hernandez Isais Alan | B56: 18 | D56: Jerusalen 3504, Col. Hermosa Provincia | F56: 5° Señoritas
A57: Hernández Salas Heber Eliaquim | B57: 18 | C57: no tiene | D57: Gustavo Baz 3719 | F57: N O M B R E | G57: EDAD | H57: TEL. | I57: DIRECCION
A58: Jimenez Elias Azareel Adlai | B58: 18 | D58: Telegrafistas 3562, Lagos de Oriente | F58: Ariza Quiahua Abisag | G58: 26 | H58: 3319991628 | I58: Jerusalem #3417- A, Hermosa Provincia
A59: Leon Hernandez Eliel | B59: 19 | D59: Canaan 3779, Col. San Joaquin | F59: Castañeda Contreras Yolanda | G59: 27 | I59: Geografos, 680, Col. Lagos de Oriente
A60: Libonatti Valdivia Joshua Abdiel | B60: 19 | C60: 3313369072 | D60: Gustavo Baz 3725, Col. Los Arrayanes | F60: Muñoz Sánchez Luz Elizabeth | G60: 28 | H60: 33 1149 1425 | I60: Presa Laurel, 146, Tetlan
A61: Lugo Alegría Finees Hidai | B61: 18 | C61: 3310727255 | D61: Jordan Sur 608, Hermosa Provincia | F61: Orizaba Ramírez Abigail | G61: 26 | H61: 3313078144 | I61: Privada De Belen, 99, Hermosa Provincia
A62: Mares Osuna Naason Neiel | B62: 19 | C62: 3317712426 | D62: Miguel Leon Portillo 1116 col San Francisco | F62: Piérrez Pelayo Peniel Lizbeth | G62: 26 | H62: 3318575318 | I62: Pablo Valdez, 3247-1, Col. Cuahutemoc
A63: Mora Venegas Samuel | B63: 19 | C63: 3323219118 | D63: Rancho Seco, 1366, Lomas De San Eugenio | F63: Ponce Segura Brenda Yaritza | G63: 26 | H63: 3314762592 | I63: Presa Falcon, 523-A, Lagos De Oriente
A64: Moran Medrano Israel Zimri | B64: 18 | C64: 3323181768 | D64: Agronomos, 3714, Hermosa Provincia | F64: Uribe Ceron Nimra | G64: 26 | H64: 3317083896 | I64: Manuel Santibañez, 3572, Col. Miguel Hidalgo
A65: Ochoa Bernal Jeziel | B65: 19 | C65: 36085766 | D65: Av. Malecon 1015, Lomas del Gallo
A66: Perez Hernandez Emerico Zuriel | B66: 19 | C66: 3317689470 | D66: Hacienda San Marcos 3518, San Jose Rio Verde | F66: 1o Solas Señoritas
A67: Robles Valle Jibsan Gitaim | B67: 18 | D67: Jordan 780, Hermosa Provincia | F67: N O M B R E | G67: EDAD | H67: TEL. | I67: DIRECCION
A68: Salas Tello Jonatan Jacob | B68: 19 | C68: 3334543500 | D68: Emilio Rabaza 4060, San Francisco | F68: Martín Rivera Nohemí | G68: 35 | H68: 3317213885 | I68: Jordan Nte. 787-3, Hermosa Provincia
A69: Valadez Zamora Juan Manuel | B69: 18 | C69: 3314476105 | D69: Presa Sanalona 784, San Joaquín | F69: Martinez Martinez Maria del Rocio | G69: 34
A70: Valencia Alegria Jonathan Abraham | B70: 18 | C70: 3331080997 | D70: Turquia, 639, Lagos de Oriente | F70: Robles Joaquín Quiriat Jearim | G70: 33
A72: 3° Jóvenes | F72: 2° Solas Señoritas
A73: N O M B R E | B73: EDAD | C73: TEL. | D73: DIRECCION | F73: N O M B R E | G73: EDAD | H73: TEL. | I73: DIRECCION
A74: Abarca Chavez Ruben Salvador | B74: 20 | C74: 3316472226 | D74: Santiago Guzman 1314, Beatriz Hernandez | F74: Arce Virgen Mayra Elizabeth | G74: 44 | H74: 36-48-06-86 | I74: Getsemani 3587, Hermosa Provincia
A75: Cortez Vallín Israel | B75: 20 | C75: 3315559254 | D75: Presa Sanalona, 786-A, Col. San Joaquin | F75: Herem Magdalaine | G75: 66 | H75: 3331064444 | I75: Calzada Dr. HCSJF, 3432, Hermosa Provincia.
A76: Elias Lopez Juan Ariel | B76: 20 | C76: 3323339126 | D76: Telegrafistas, 3471, Hermosa Provincia | F76: Hernández López Ninfa | G76: 79 | H76: 36085571 | I76: Belen, 3396-A, Hermosa Provincia
A77: Gil Salas Daniel Atlai | B77: 21 | C77: 3331859582 | D77: Jordan Sur, 630, Hermosa Provincia | F77: Orato Ventura Bethzabel | G77: 44 | H77: 3310748512 | I77: Magistrados 713, Hermosa Provincia
A78: Guerra Salgado Miguel | B78: 21 | C78: 3339057472 | D78: Getzemani, 3518, Hermosa Provincia
A79: Hernández Cabrera Juan Samir | B79: 20 | C79: 3321896377 | D79: Magistrados, 670, Lagos De Oriente
A80: Ramírez García César Michel | B80: 21 | D80: Educadores 3304, Lagos de Oriente | F80: 2° Casadas
A81: Tejada Ramírez Kevin D. | B81: 21 | C81: 3322074491 | D81: Jardines Japoneses,3324,Lagos De Oriente | F81: N O M B R E | G81: EDAD | H81: TEL. | I81: DIRECCION
F82: López Armendáriz Cinthya Denisse | G82: 22 | H82: 3321083522 | I82: Telegrafistas, 3562, Col. Lagos De Oriente
A83: 4° Jóvenes
A84: N O M B R E | B84: EDAD | C84: TEL. | D84: DIRECCION | F84: 3° Casadas
A85: Caamal González Yeudiel | B85: 23 | C85: 3311555794 | D85: Ramon Silva, 2253, Mtro. Aaron Joaquin | F85: N O M B R E | G85: EDAD | H85: TEL. | I85: DIRECCION
A86: Davila Carrillo Daniel | B86: 22 | C86: 3333202989 | F86: Juarez Curiel Ana Dilean | G86: 23 | H86: 3310764497 | I86: Pablo Valdez, 3247 Int1, Cuauhtemoc
A87: Gallardo Ramírez José Eduardo Gabriel | B87: 22 | C87: 3334794439 | D87: Manuel de Goroztiza 3687, San Francisco
A88: Ipiña Del Río Adiel Silem | B88: 24 | C88: 3313667413 | D88: Turquia, 729, Col. Lagos De Oriente. | F88: 4° Casadas
A89: Lugo Montaño Josuè | B89: 23 | D89: Demostenes, 1087, Cuahutemoc. | F89: N O M B R E | G89: EDAD | H89: TEL. | I89: DIRECCION
A90: Noriega Mercado Heber Atlai | B90: 25 | C90: 3328642963 | F90: Juarez Curiel Ana Dilean | G90: 26 | H90: 3318445822 | I90: Jardines de San Francisco 378, Tetlan.
A91: Olivares Rodríguez Edgar Joram | B91: 22 | C91: 3339705399 | D91: Jerusalen, 3382, Hermosa Provincia | F91: Reyes Aguilera Abdi Jaanai | G91: 25 | H91: 6131113530 | I91: Geografos, 717, Lagos De Oriente
A92: Peña Rosas Ezequiel Abisai | B92: 25 | C92: 7771115331 | D92: Demostenes 752, Col. Libertad
A93: Roblero Zúñiga David Mizraim | B93: 23 | C93: 3321131040 | D93: Privada De Galilea, 12-B, Hermosa Provincia | F93: 5° Casadas
A94: Tejada Ramírez Leónardo | B94: 22 | C94: 3311329916 | D94: Jardines Japoneses,3324,Lagos De Oriente | F94: N O M B R E | G94: EDAD | H94: TEL. | I94: DIRECCION
A95: Toro Cruz Omar Daniel | B95: 22 | C95: 5617066900 | D95: Jardín Botánico 3370, Lagos de Oriente | F95: Ayala Alonso Yannet | G95: 28 | H95: 3323201186 | I95: Presa Modelo 583, Lagos de Oriente
A96: Trujillo Muñoz Miguel A | B96: 22 | C96: 36056103 | D96: Av. Presa Laurel, 146, Col. San Francisco
A97: Vega Beltran José Eduardo | B97: 22 | C97: 3313147907 | D97: SaMaría, 816, Hermosa Provincia
A98: Velazco Montes Carlos E. | B98: 22 | C98: 3339646225 | D98: Samaría, 857, Hermosa Provincia | F98: 6° Casadas
F99: N O M B R E | G99: EDAD | H99: TEL. | I99: DIRECCION
A100: 5° Jóvenes | F100: Chávez Ubaldo Yareth | G100: 29 | H100: 3315608660 | I100: Gaza, 674, Hermosa Provincia
A101: N O M B R E | B101: EDAD | C101: TEL. | D101: DIRECCION | F101: Gallego Bernal Keila Radai | G101: 30 | H101: 3314485053 | I101: Nazaret, 619, Lagos de Oriente.
...
